experiment_id,experiment_type,dataset,model,seed,group,decision_stage,method,contestation_scenario,parameter_key,parameter_json,metric,value
REALDATA,SEMISYNTHETIC REAL-DATA EXPERIMENT,german,logistic,1732,Female,pre,group_threshold_calibrated,strong_first_group,80db5b8b411cb1ee,"{""alpha_negative"": {""Female"": 0.25, ""Male"": 0.25}, ""alpha_positive"": {""Female"": 0.75, ""Male"": 0.25}, ""contestation_scenario"": ""strong_first_group"", ""rho_negative"": {""Female"": 0.05, ""Male"": 0.05}, ""rho_positive"": {""Female"": 0.8, ""Male"": 0.8}}",n,62.0
REALDATA,SEMISYNTHETIC REAL-DATA EXPERIMENT,german,logistic,1732,Female,pre,group_threshold_calibrated,strong_first_group,80db5b8b411cb1ee,"{""alpha_negative"": {""Female"": 0.25, ""Male"": 0.25}, ""alpha_positive"": {""Female"": 0.75, ""Male"": 0.25}, ""contestation_scenario"": ""strong_first_group"", ""rho_negative"": {""Female"": 0.05, ""Male"": 0.05}, ""rho_positive"": {""Female"": 0.8, ""Male"": 0.8}}",prevalence,0.6451612903225806
REALDATA,SEMISYNTHETIC REAL-DATA EXPERIMENT,german,logistic,1732,Female,pre,group_threshold_calibrated,strong_first_group,80db5b8b411cb1ee,"{""alpha_negative"": {""Female"": 0.25, ""Male"": 0.25}, ""alpha_positive"": {""Female"": 0.75, ""Male"": 0.25}, ""contestation_scenario"": ""strong_first_group"", ""rho_negative"": {""Female"": 0.05, ""Male"": 0.05}, ""rho_positive"": {""Female"": 0.8, ""Male"": 0.8}}",accuracy,0.6290322580645161
REALDATA,SEMISYNTHETIC REAL-DATA EXPERIMENT,german,logistic,1732,Female,pre,group_threshold_calibrated,strong_first_group,80db5b8b411cb1ee,"{""alpha_negative"": {""Female"": 0.25, ""Male"": 0.25}, ""alpha_positive"": {""Female"": 0.75, ""Male"": 0.25}, ""contestation_scenario"": ""strong_first_group"", ""rho_negative"": {""Female"": 0.05, ""Male"": 0.05}, ""rho_positive"": {""Female"": 0.8, ""Male"": 0.8}}",tpr,0.875
REALDATA,SEMISYNTHETIC REAL-DATA EXPERIMENT,german,logistic,1732,Female,pre,group_threshold_calibrated,strong_first_group,80db5b8b411cb1ee,"{""alpha_negative"": {""Female"": 0.25, ""Male"": 0.25}, ""alpha_positive"": {""Female"": 0.75, ""Male"": 0.25}, ""contestation_scenario"": ""strong_first_group"", ""rho_negative"": {""Female"": 0.05, ""Male"": 0.05}, ""rho_positive"": {""Female"": 0.8, ""Male"": 0.8}}",fnr,0.125
REALDATA,SEMISYNTHETIC REAL-DATA EXPERIMENT,german,logistic,1732,Female,pre,group_threshold_calibrated,strong_first_group,80db5b8b411cb1ee,"{""alpha_negative"": {""Female"": 0.25, ""Male"": 0.25}, ""alpha_positive"": {""Female"": 0.75, ""Male"": 0.25}, ""contestation_scenario"": ""strong_first_group"", ""rho_negative"": {""Female"": 0.05, ""Male"": 0.05}, ""rho_positive"": {""Female"": 0.8, ""Male"": 0.8}}",fpr,0.8181818181818182
REALDATA,SEMISYNTHETIC REAL-DATA EXPERIMENT,german,logistic,1732,Female,pre,group_threshold_calibrated,strong_first_group,80db5b8b411cb1ee,"{""alpha_negative"": {""Female"": 0.25, ""Male"": 0.25}, ""alpha_positive"": {""Female"": 0.75, ""Male"": 0.25}, ""contestation_scenario"": ""strong_first_group"", ""rho_negative"": {""Female"": 0.05, ""Male"": 0.05}, ""rho_positive"": {""Female"": 0.8, ""Male"": 0.8}}",tnr,0.18181818181818177
REALDATA,SEMISYNTHETIC REAL-DATA EXPERIMENT,german,logistic,1732,Female,pre,group_threshold_calibrated,strong_first_group,80db5b8b411cb1ee,"{""alpha_negative"": {""Female"": 0.25, ""Male"": 0.25}, ""alpha_positive"": {""Female"": 0.75, ""Male"": 0.25}, ""contestation_scenario"": ""strong_first_group"", ""rho_negative"": {""Female"": 0.05, ""Male"": 0.05}, ""rho_positive"": {""Female"": 0.8, ""Male"": 0.8}}",positive_rate,0.8548387096774194
REALDATA,SEMISYNTHETIC REAL-DATA EXPERIMENT,german,logistic,1732,Male,pre,group_threshold_calibrated,strong_first_group,80db5b8b411cb1ee,"{""alpha_negative"": {""Female"": 0.25, ""Male"": 0.25}, ""alpha_positive"": {""Female"": 0.75, ""Male"": 0.25}, ""contestation_scenario"": ""strong_first_group"", ""rho_negative"": {""Female"": 0.05, ""Male"": 0.05}, ""rho_positive"": {""Female"": 0.8, ""Male"": 0.8}}",n,138.0
REALDATA,SEMISYNTHETIC REAL-DATA EXPERIMENT,german,logistic,1732,Male,pre,group_threshold_calibrated,strong_first_group,80db5b8b411cb1ee,"{""alpha_negative"": {""Female"": 0.25, ""Male"": 0.25}, ""alpha_positive"": {""Female"": 0.75, ""Male"": 0.25}, ""contestation_scenario"": ""strong_first_group"", ""rho_negative"": {""Female"": 0.05, ""Male"": 0.05}, ""rho_positive"": {""Female"": 0.8, ""Male"": 0.8}}",prevalence,0.7246376811594203
REALDATA,SEMISYNTHETIC REAL-DATA EXPERIMENT,german,logistic,1732,Male,pre,group_threshold_calibrated,strong_first_group,80db5b8b411cb1ee,"{""alpha_negative"": {""Female"": 0.25, ""Male"": 0.25}, ""alpha_positive"": {""Female"": 0.75, ""Male"": 0.25}, ""contestation_scenario"": ""strong_first_group"", ""rho_negative"": {""Female"": 0.05, ""Male"": 0.05}, ""rho_positive"": {""Female"": 0.8, ""Male"": 0.8}}",accuracy,0.7391304347826086
REALDATA,SEMISYNTHETIC REAL-DATA EXPERIMENT,german,logistic,1732,Male,pre,group_threshold_calibrated,strong_first_group,80db5b8b411cb1ee,"{""alpha_negative"": {""Female"": 0.25, ""Male"": 0.25}, ""alpha_positive"": {""Female"": 0.75, ""Male"": 0.25}, ""contestation_scenario"": ""strong_first_group"", ""rho_negative"": {""Female"": 0.05, ""Male"": 0.05}, ""rho_positive"": {""Female"": 0.8, ""Male"": 0.8}}",tpr,0.84
REALDATA,SEMISYNTHETIC REAL-DATA EXPERIMENT,german,logistic,1732,Male,pre,group_threshold_calibrated,strong_first_group,80db5b8b411cb1ee,"{""alpha_negative"": {""Female"": 0.25, ""Male"": 0.25}, ""alpha_positive"": {""Female"": 0.75, ""Male"": 0.25}, ""contestation_scenario"": ""strong_first_group"", ""rho_negative"": {""Female"": 0.05, ""Male"": 0.05}, ""rho_positive"": {""Female"": 0.8, ""Male"": 0.8}}",fnr,0.16000000000000003
REALDATA,SEMISYNTHETIC REAL-DATA EXPERIMENT,german,logistic,1732,Male,pre,group_threshold_calibrated,strong_first_group,80db5b8b411cb1ee,"{""alpha_negative"": {""Female"": 0.25, ""Male"": 0.25}, ""alpha_positive"": {""Female"": 0.75, ""Male"": 0.25}, ""contestation_scenario"": ""strong_first_group"", ""rho_negative"": {""Female"": 0.05, ""Male"": 0.05}, ""rho_positive"": {""Female"": 0.8, ""Male"": 0.8}}",fpr,0.5263157894736842
REALDATA,SEMISYNTHETIC REAL-DATA EXPERIMENT,german,logistic,1732,Male,pre,group_threshold_calibrated,strong_first_group,80db5b8b411cb1ee,"{""alpha_negative"": {""Female"": 0.25, ""Male"": 0.25}, ""alpha_positive"": {""Female"": 0.75, ""Male"": 0.25}, ""contestation_scenario"": ""strong_first_group"", ""rho_negative"": {""Female"": 0.05, ""Male"": 0.05}, ""rho_positive"": {""Female"": 0.8, ""Male"": 0.8}}",tnr,0.4736842105263158
REALDATA,SEMISYNTHETIC REAL-DATA EXPERIMENT,german,logistic,1732,Male,pre,group_threshold_calibrated,strong_first_group,80db5b8b411cb1ee,"{""alpha_negative"": {""Female"": 0.25, ""Male"": 0.25}, ""alpha_positive"": {""Female"": 0.75, ""Male"": 0.25}, ""contestation_scenario"": ""strong_first_group"", ""rho_negative"": {""Female"": 0.05, ""Male"": 0.05}, ""rho_positive"": {""Female"": 0.8, ""Male"": 0.8}}",positive_rate,0.7536231884057971
REALDATA,SEMISYNTHETIC REAL-DATA EXPERIMENT,german,logistic,1732,ALL,pre,group_threshold_calibrated,strong_first_group,80db5b8b411cb1ee,"{""alpha_negative"": {""Female"": 0.25, ""Male"": 0.25}, ""alpha_positive"": {""Female"": 0.75, ""Male"": 0.25}, ""contestation_scenario"": ""strong_first_group"", ""rho_negative"": {""Female"": 0.05, ""Male"": 0.05}, ""rho_positive"": {""Female"": 0.8, ""Male"": 0.8}}",equal_opportunity_gap,0.03500000000000003
REALDATA,SEMISYNTHETIC REAL-DATA EXPERIMENT,german,logistic,1732,ALL,pre,group_threshold_calibrated,strong_first_group,80db5b8b411cb1ee,"{""alpha_negative"": {""Female"": 0.25, ""Male"": 0.25}, ""alpha_positive"": {""Female"": 0.75, ""Male"": 0.25}, ""contestation_scenario"": ""strong_first_group"", ""rho_negative"": {""Female"": 0.05, ""Male"": 0.05}, ""rho_positive"": {""Female"": 0.8, ""Male"": 0.8}}",fpr_gap,0.29186602870813405
REALDATA,SEMISYNTHETIC REAL-DATA EXPERIMENT,german,logistic,1732,ALL,pre,group_threshold_calibrated,strong_first_group,80db5b8b411cb1ee,"{""alpha_negative"": {""Female"": 0.25, ""Male"": 0.25}, ""alpha_positive"": {""Female"": 0.75, ""Male"": 0.25}, ""contestation_scenario"": ""strong_first_group"", ""rho_negative"": {""Female"": 0.05, ""Male"": 0.05}, ""rho_positive"": {""Female"": 0.8, ""Male"": 0.8}}",equalized_odds_gap,0.29186602870813405
REALDATA,SEMISYNTHETIC REAL-DATA EXPERIMENT,german,logistic,1732,ALL,pre,group_threshold_calibrated,strong_first_group,80db5b8b411cb1ee,"{""alpha_negative"": {""Female"": 0.25, ""Male"": 0.25}, ""alpha_positive"": {""Female"": 0.75, ""Male"": 0.25}, ""contestation_scenario"": ""strong_first_group"", ""rho_negative"": {""Female"": 0.05, ""Male"": 0.05}, ""rho_positive"": {""Female"": 0.8, ""Male"": 0.8}}",demographic_parity_gap,0.10121552127162226
REALDATA,SEMISYNTHETIC REAL-DATA EXPERIMENT,german,logistic,1732,Female,post,group_threshold_calibrated,strong_first_group,80db5b8b411cb1ee,"{""alpha_negative"": {""Female"": 0.25, ""Male"": 0.25}, ""alpha_positive"": {""Female"": 0.75, ""Male"": 0.25}, ""contestation_scenario"": ""strong_first_group"", ""rho_negative"": {""Female"": 0.05, ""Male"": 0.05}, ""rho_positive"": {""Female"": 0.8, ""Male"": 0.8}}",n,62.0
REALDATA,SEMISYNTHETIC REAL-DATA EXPERIMENT,german,logistic,1732,Female,post,group_threshold_calibrated,strong_first_group,80db5b8b411cb1ee,"{""alpha_negative"": {""Female"": 0.25, ""Male"": 0.25}, ""alpha_positive"": {""Female"": 0.75, ""Male"": 0.25}, ""contestation_scenario"": ""strong_first_group"", ""rho_negative"": {""Female"": 0.05, ""Male"": 0.05}, ""rho_positive"": {""Female"": 0.8, ""Male"": 0.8}}",prevalence,0.6451612903225806
REALDATA,SEMISYNTHETIC REAL-DATA EXPERIMENT,german,logistic,1732,Female,post,group_threshold_calibrated,strong_first_group,80db5b8b411cb1ee,"{""alpha_negative"": {""Female"": 0.25, ""Male"": 0.25}, ""alpha_positive"": {""Female"": 0.75, ""Male"": 0.25}, ""contestation_scenario"": ""strong_first_group"", ""rho_negative"": {""Female"": 0.05, ""Male"": 0.05}, ""rho_positive"": {""Female"": 0.8, ""Male"": 0.8}}",accuracy,0.6935483870967742
REALDATA,SEMISYNTHETIC REAL-DATA EXPERIMENT,german,logistic,1732,Female,post,group_threshold_calibrated,strong_first_group,80db5b8b411cb1ee,"{""alpha_negative"": {""Female"": 0.25, ""Male"": 0.25}, ""alpha_positive"": {""Female"": 0.75, ""Male"": 0.25}, ""contestation_scenario"": ""strong_first_group"", ""rho_negative"": {""Female"": 0.05, ""Male"": 0.05}, ""rho_positive"": {""Female"": 0.8, ""Male"": 0.8}}",tpr,0.975
REALDATA,SEMISYNTHETIC REAL-DATA EXPERIMENT,german,logistic,1732,Female,post,group_threshold_calibrated,strong_first_group,80db5b8b411cb1ee,"{""alpha_negative"": {""Female"": 0.25, ""Male"": 0.25}, ""alpha_positive"": {""Female"": 0.75, ""Male"": 0.25}, ""contestation_scenario"": ""strong_first_group"", ""rho_negative"": {""Female"": 0.05, ""Male"": 0.05}, ""rho_positive"": {""Female"": 0.8, ""Male"": 0.8}}",fnr,0.025000000000000022
REALDATA,SEMISYNTHETIC REAL-DATA EXPERIMENT,german,logistic,1732,Female,post,group_threshold_calibrated,strong_first_group,80db5b8b411cb1ee,"{""alpha_negative"": {""Female"": 0.25, ""Male"": 0.25}, ""alpha_positive"": {""Female"": 0.75, ""Male"": 0.25}, ""contestation_scenario"": ""strong_first_group"", ""rho_negative"": {""Female"": 0.05, ""Male"": 0.05}, ""rho_positive"": {""Female"": 0.8, ""Male"": 0.8}}",fpr,0.8181818181818182
REALDATA,SEMISYNTHETIC REAL-DATA EXPERIMENT,german,logistic,1732,Female,post,group_threshold_calibrated,strong_first_group,80db5b8b411cb1ee,"{""alpha_negative"": {""Female"": 0.25, ""Male"": 0.25}, ""alpha_positive"": {""Female"": 0.75, ""Male"": 0.25}, ""contestation_scenario"": ""strong_first_group"", ""rho_negative"": {""Female"": 0.05, ""Male"": 0.05}, ""rho_positive"": {""Female"": 0.8, ""Male"": 0.8}}",tnr,0.18181818181818177
REALDATA,SEMISYNTHETIC REAL-DATA EXPERIMENT,german,logistic,1732,Female,post,group_threshold_calibrated,strong_first_group,80db5b8b411cb1ee,"{""alpha_negative"": {""Female"": 0.25, ""Male"": 0.25}, ""alpha_positive"": {""Female"": 0.75, ""Male"": 0.25}, ""contestation_scenario"": ""strong_first_group"", ""rho_negative"": {""Female"": 0.05, ""Male"": 0.05}, ""rho_positive"": {""Female"": 0.8, ""Male"": 0.8}}",positive_rate,0.9193548387096774
REALDATA,SEMISYNTHETIC REAL-DATA EXPERIMENT,german,logistic,1732,Male,post,group_threshold_calibrated,strong_first_group,80db5b8b411cb1ee,"{""alpha_negative"": {""Female"": 0.25, ""Male"": 0.25}, ""alpha_positive"": {""Female"": 0.75, ""Male"": 0.25}, ""contestation_scenario"": ""strong_first_group"", ""rho_negative"": {""Female"": 0.05, ""Male"": 0.05}, ""rho_positive"": {""Female"": 0.8, ""Male"": 0.8}}",n,138.0
REALDATA,SEMISYNTHETIC REAL-DATA EXPERIMENT,german,logistic,1732,Male,post,group_threshold_calibrated,strong_first_group,80db5b8b411cb1ee,"{""alpha_negative"": {""Female"": 0.25, ""Male"": 0.25}, ""alpha_positive"": {""Female"": 0.75, ""Male"": 0.25}, ""contestation_scenario"": ""strong_first_group"", ""rho_negative"": {""Female"": 0.05, ""Male"": 0.05}, ""rho_positive"": {""Female"": 0.8, ""Male"": 0.8}}",prevalence,0.7246376811594203
REALDATA,SEMISYNTHETIC REAL-DATA EXPERIMENT,german,logistic,1732,Male,post,group_threshold_calibrated,strong_first_group,80db5b8b411cb1ee,"{""alpha_negative"": {""Female"": 0.25, ""Male"": 0.25}, ""alpha_positive"": {""Female"": 0.75, ""Male"": 0.25}, ""contestation_scenario"": ""strong_first_group"", ""rho_negative"": {""Female"": 0.05, ""Male"": 0.05}, ""rho_positive"": {""Female"": 0.8, ""Male"": 0.8}}",accuracy,0.7463768115942029
REALDATA,SEMISYNTHETIC REAL-DATA EXPERIMENT,german,logistic,1732,Male,post,group_threshold_calibrated,strong_first_group,80db5b8b411cb1ee,"{""alpha_negative"": {""Female"": 0.25, ""Male"": 0.25}, ""alpha_positive"": {""Female"": 0.75, ""Male"": 0.25}, ""contestation_scenario"": ""strong_first_group"", ""rho_negative"": {""Female"": 0.05, ""Male"": 0.05}, ""rho_positive"": {""Female"": 0.8, ""Male"": 0.8}}",tpr,0.87
REALDATA,SEMISYNTHETIC REAL-DATA EXPERIMENT,german,logistic,1732,Male,post,group_threshold_calibrated,strong_first_group,80db5b8b411cb1ee,"{""alpha_negative"": {""Female"": 0.25, ""Male"": 0.25}, ""alpha_positive"": {""Female"": 0.75, ""Male"": 0.25}, ""contestation_scenario"": ""strong_first_group"", ""rho_negative"": {""Female"": 0.05, ""Male"": 0.05}, ""rho_positive"": {""Female"": 0.8, ""Male"": 0.8}}",fnr,0.13
REALDATA,SEMISYNTHETIC REAL-DATA EXPERIMENT,german,logistic,1732,Male,post,group_threshold_calibrated,strong_first_group,80db5b8b411cb1ee,"{""alpha_negative"": {""Female"": 0.25, ""Male"": 0.25}, ""alpha_positive"": {""Female"": 0.75, ""Male"": 0.25}, ""contestation_scenario"": ""strong_first_group"", ""rho_negative"": {""Female"": 0.05, ""Male"": 0.05}, ""rho_positive"": {""Female"": 0.8, ""Male"": 0.8}}",fpr,0.5789473684210527
REALDATA,SEMISYNTHETIC REAL-DATA EXPERIMENT,german,logistic,1732,Male,post,group_threshold_calibrated,strong_first_group,80db5b8b411cb1ee,"{""alpha_negative"": {""Female"": 0.25, ""Male"": 0.25}, ""alpha_positive"": {""Female"": 0.75, ""Male"": 0.25}, ""contestation_scenario"": ""strong_first_group"", ""rho_negative"": {""Female"": 0.05, ""Male"": 0.05}, ""rho_positive"": {""Female"": 0.8, ""Male"": 0.8}}",tnr,0.42105263157894735
REALDATA,SEMISYNTHETIC REAL-DATA EXPERIMENT,german,logistic,1732,Male,post,group_threshold_calibrated,strong_first_group,80db5b8b411cb1ee,"{""alpha_negative"": {""Female"": 0.25, ""Male"": 0.25}, ""alpha_positive"": {""Female"": 0.75, ""Male"": 0.25}, ""contestation_scenario"": ""strong_first_group"", ""rho_negative"": {""Female"": 0.05, ""Male"": 0.05}, ""rho_positive"": {""Female"": 0.8, ""Male"": 0.8}}",positive_rate,0.7898550724637681
REALDATA,SEMISYNTHETIC REAL-DATA EXPERIMENT,german,logistic,1732,ALL,post,group_threshold_calibrated,strong_first_group,80db5b8b411cb1ee,"{""alpha_negative"": {""Female"": 0.25, ""Male"": 0.25}, ""alpha_positive"": {""Female"": 0.75, ""Male"": 0.25}, ""contestation_scenario"": ""strong_first_group"", ""rho_negative"": {""Female"": 0.05, ""Male"": 0.05}, ""rho_positive"": {""Female"": 0.8, ""Male"": 0.8}}",equal_opportunity_gap,0.10499999999999998
REALDATA,SEMISYNTHETIC REAL-DATA EXPERIMENT,german,logistic,1732,ALL,post,group_threshold_calibrated,strong_first_group,80db5b8b411cb1ee,"{""alpha_negative"": {""Female"": 0.25, ""Male"": 0.25}, ""alpha_positive"": {""Female"": 0.75, ""Male"": 0.25}, ""contestation_scenario"": ""strong_first_group"", ""rho_negative"": {""Female"": 0.05, ""Male"": 0.05}, ""rho_positive"": {""Female"": 0.8, ""Male"": 0.8}}",fpr_gap,0.23923444976076558
REALDATA,SEMISYNTHETIC REAL-DATA EXPERIMENT,german,logistic,1732,ALL,post,group_threshold_calibrated,strong_first_group,80db5b8b411cb1ee,"{""alpha_negative"": {""Female"": 0.25, ""Male"": 0.25}, ""alpha_positive"": {""Female"": 0.75, ""Male"": 0.25}, ""contestation_scenario"": ""strong_first_group"", ""rho_negative"": {""Female"": 0.05, ""Male"": 0.05}, ""rho_positive"": {""Female"": 0.8, ""Male"": 0.8}}",equalized_odds_gap,0.23923444976076558
REALDATA,SEMISYNTHETIC REAL-DATA EXPERIMENT,german,logistic,1732,ALL,post,group_threshold_calibrated,strong_first_group,80db5b8b411cb1ee,"{""alpha_negative"": {""Female"": 0.25, ""Male"": 0.25}, ""alpha_positive"": {""Female"": 0.75, ""Male"": 0.25}, ""contestation_scenario"": ""strong_first_group"", ""rho_negative"": {""Female"": 0.05, ""Male"": 0.05}, ""rho_positive"": {""Female"": 0.8, ""Male"": 0.8}}",demographic_parity_gap,0.1294997662459093
REALDATA,SEMISYNTHETIC REAL-DATA EXPERIMENT,german,logistic,1732,Female,frozen_policy,validation_selected_threshold,strong_first_group,80db5b8b411cb1ee,"{""alpha_negative"": {""Female"": 0.25, ""Male"": 0.25}, ""alpha_positive"": {""Female"": 0.75, ""Male"": 0.25}, ""contestation_scenario"": ""strong_first_group"", ""rho_negative"": {""Female"": 0.05, ""Male"": 0.05}, ""rho_positive"": {""Female"": 0.8, ""Male"": 0.8}}",decision_threshold,0.43
REALDATA,SEMISYNTHETIC REAL-DATA EXPERIMENT,german,logistic,1732,Male,frozen_policy,validation_selected_threshold,strong_first_group,80db5b8b411cb1ee,"{""alpha_negative"": {""Female"": 0.25, ""Male"": 0.25}, ""alpha_positive"": {""Female"": 0.75, ""Male"": 0.25}, ""contestation_scenario"": ""strong_first_group"", ""rho_negative"": {""Female"": 0.05, ""Male"": 0.05}, ""rho_positive"": {""Female"": 0.8, ""Male"": 0.8}}",decision_threshold,0.48000000000000004
