experiment_id,experiment_type,seed,configuration,config_hash,parameter_key,parameter_json,case,metric,value,dataset,group,model,method
EXP-10,THEOREM ILLUSTRATION,1738,full,664a150484ed2af3,64c560f8724558a8,"{""case"": ""perfect_classifier""}",perfect_classifier,pre_tpr,1.0,synthetic,ALL,not_applicable,not_applicable
EXP-10,THEOREM ILLUSTRATION,1738,full,664a150484ed2af3,574a2bd7d9892e0c,"{""case"": ""perfect_reviewer""}",perfect_reviewer,pre_tpr,0.6,synthetic,ALL,not_applicable,not_applicable
EXP-10,THEOREM ILLUSTRATION,1738,full,664a150484ed2af3,e58363b8094fd3e2,"{""case"": ""zero_appeals""}",zero_appeals,pre_tpr,0.6,synthetic,ALL,not_applicable,not_applicable
EXP-10,THEOREM ILLUSTRATION,1738,full,664a150484ed2af3,3bb9d274b0907be2,"{""case"": ""universal_appeals""}",universal_appeals,pre_tpr,0.6,synthetic,ALL,not_applicable,not_applicable
EXP-10,THEOREM ILLUSTRATION,1738,full,664a150484ed2af3,85dc97a6b206a32a,"{""case"": ""zero_review_accuracy""}",zero_review_accuracy,pre_tpr,0.6,synthetic,ALL,not_applicable,not_applicable
EXP-10,THEOREM ILLUSTRATION,1738,full,664a150484ed2af3,826ab72c9e9ac086,"{""case"": ""harmful_reviewer""}",harmful_reviewer,pre_tpr,0.6,synthetic,ALL,not_applicable,not_applicable
EXP-10,THEOREM ILLUSTRATION,1738,full,664a150484ed2af3,c0ff99b953442497,"{""case"": ""very_large_budget_universal_access""}",very_large_budget_universal_access,pre_tpr,0.6,synthetic,ALL,not_applicable,not_applicable
EXP-10,THEOREM ILLUSTRATION,1738,full,664a150484ed2af3,67c4a8ce8c05ee12,"{""case"": ""equal_effective_correction""}",equal_effective_correction,pre_tpr,0.6,synthetic,ALL,not_applicable,not_applicable
EXP-10,THEOREM ILLUSTRATION,1738,full,664a150484ed2af3,7945a1f22e761f90,"{""case"": ""extreme_group_imbalance""}",extreme_group_imbalance,pre_tpr,0.6,synthetic,ALL,not_applicable,not_applicable
EXP-10,THEOREM ILLUSTRATION,1738,full,664a150484ed2af3,9c7a7c2557f83b74,"{""case"": ""equal_appeal_cost_proxy""}",equal_appeal_cost_proxy,pre_tpr,0.6,synthetic,ALL,not_applicable,not_applicable
EXP-10,THEOREM ILLUSTRATION,1738,full,664a150484ed2af3,64c560f8724558a8,"{""case"": ""perfect_classifier""}",perfect_classifier,post_tpr,1.0,synthetic,ALL,not_applicable,not_applicable
EXP-10,THEOREM ILLUSTRATION,1738,full,664a150484ed2af3,574a2bd7d9892e0c,"{""case"": ""perfect_reviewer""}",perfect_reviewer,post_tpr,0.8,synthetic,ALL,not_applicable,not_applicable
EXP-10,THEOREM ILLUSTRATION,1738,full,664a150484ed2af3,e58363b8094fd3e2,"{""case"": ""zero_appeals""}",zero_appeals,post_tpr,0.6,synthetic,ALL,not_applicable,not_applicable
EXP-10,THEOREM ILLUSTRATION,1738,full,664a150484ed2af3,3bb9d274b0907be2,"{""case"": ""universal_appeals""}",universal_appeals,post_tpr,0.92,synthetic,ALL,not_applicable,not_applicable
EXP-10,THEOREM ILLUSTRATION,1738,full,664a150484ed2af3,85dc97a6b206a32a,"{""case"": ""zero_review_accuracy""}",zero_review_accuracy,post_tpr,0.6,synthetic,ALL,not_applicable,not_applicable
EXP-10,THEOREM ILLUSTRATION,1738,full,664a150484ed2af3,826ab72c9e9ac086,"{""case"": ""harmful_reviewer""}",harmful_reviewer,post_tpr,0.6,synthetic,ALL,not_applicable,not_applicable
EXP-10,THEOREM ILLUSTRATION,1738,full,664a150484ed2af3,c0ff99b953442497,"{""case"": ""very_large_budget_universal_access""}",very_large_budget_universal_access,post_tpr,0.92,synthetic,ALL,not_applicable,not_applicable
EXP-10,THEOREM ILLUSTRATION,1738,full,664a150484ed2af3,67c4a8ce8c05ee12,"{""case"": ""equal_effective_correction""}",equal_effective_correction,post_tpr,0.76,synthetic,ALL,not_applicable,not_applicable
EXP-10,THEOREM ILLUSTRATION,1738,full,664a150484ed2af3,7945a1f22e761f90,"{""case"": ""extreme_group_imbalance""}",extreme_group_imbalance,post_tpr,0.76,synthetic,ALL,not_applicable,not_applicable
EXP-10,THEOREM ILLUSTRATION,1738,full,664a150484ed2af3,9c7a7c2557f83b74,"{""case"": ""equal_appeal_cost_proxy""}",equal_appeal_cost_proxy,post_tpr,0.76,synthetic,ALL,not_applicable,not_applicable
EXP-10,THEOREM ILLUSTRATION,1738,full,664a150484ed2af3,64c560f8724558a8,"{""case"": ""perfect_classifier""}",perfect_classifier,pre_fpr,0.0,synthetic,ALL,not_applicable,not_applicable
EXP-10,THEOREM ILLUSTRATION,1738,full,664a150484ed2af3,574a2bd7d9892e0c,"{""case"": ""perfect_reviewer""}",perfect_reviewer,pre_fpr,0.2,synthetic,ALL,not_applicable,not_applicable
EXP-10,THEOREM ILLUSTRATION,1738,full,664a150484ed2af3,e58363b8094fd3e2,"{""case"": ""zero_appeals""}",zero_appeals,pre_fpr,0.2,synthetic,ALL,not_applicable,not_applicable
EXP-10,THEOREM ILLUSTRATION,1738,full,664a150484ed2af3,3bb9d274b0907be2,"{""case"": ""universal_appeals""}",universal_appeals,pre_fpr,0.2,synthetic,ALL,not_applicable,not_applicable
EXP-10,THEOREM ILLUSTRATION,1738,full,664a150484ed2af3,85dc97a6b206a32a,"{""case"": ""zero_review_accuracy""}",zero_review_accuracy,pre_fpr,0.2,synthetic,ALL,not_applicable,not_applicable
EXP-10,THEOREM ILLUSTRATION,1738,full,664a150484ed2af3,826ab72c9e9ac086,"{""case"": ""harmful_reviewer""}",harmful_reviewer,pre_fpr,0.2,synthetic,ALL,not_applicable,not_applicable
EXP-10,THEOREM ILLUSTRATION,1738,full,664a150484ed2af3,c0ff99b953442497,"{""case"": ""very_large_budget_universal_access""}",very_large_budget_universal_access,pre_fpr,0.2,synthetic,ALL,not_applicable,not_applicable
EXP-10,THEOREM ILLUSTRATION,1738,full,664a150484ed2af3,67c4a8ce8c05ee12,"{""case"": ""equal_effective_correction""}",equal_effective_correction,pre_fpr,0.2,synthetic,ALL,not_applicable,not_applicable
EXP-10,THEOREM ILLUSTRATION,1738,full,664a150484ed2af3,7945a1f22e761f90,"{""case"": ""extreme_group_imbalance""}",extreme_group_imbalance,pre_fpr,0.2,synthetic,ALL,not_applicable,not_applicable
EXP-10,THEOREM ILLUSTRATION,1738,full,664a150484ed2af3,9c7a7c2557f83b74,"{""case"": ""equal_appeal_cost_proxy""}",equal_appeal_cost_proxy,pre_fpr,0.2,synthetic,ALL,not_applicable,not_applicable
EXP-10,THEOREM ILLUSTRATION,1738,full,664a150484ed2af3,64c560f8724558a8,"{""case"": ""perfect_classifier""}",perfect_classifier,post_fpr,1.0,synthetic,ALL,not_applicable,not_applicable
EXP-10,THEOREM ILLUSTRATION,1738,full,664a150484ed2af3,574a2bd7d9892e0c,"{""case"": ""perfect_reviewer""}",perfect_reviewer,post_fpr,0.2,synthetic,ALL,not_applicable,not_applicable
EXP-10,THEOREM ILLUSTRATION,1738,full,664a150484ed2af3,e58363b8094fd3e2,"{""case"": ""zero_appeals""}",zero_appeals,post_fpr,0.2,synthetic,ALL,not_applicable,not_applicable
EXP-10,THEOREM ILLUSTRATION,1738,full,664a150484ed2af3,3bb9d274b0907be2,"{""case"": ""universal_appeals""}",universal_appeals,post_fpr,0.28,synthetic,ALL,not_applicable,not_applicable
EXP-10,THEOREM ILLUSTRATION,1738,full,664a150484ed2af3,85dc97a6b206a32a,"{""case"": ""zero_review_accuracy""}",zero_review_accuracy,post_fpr,0.2,synthetic,ALL,not_applicable,not_applicable
EXP-10,THEOREM ILLUSTRATION,1738,full,664a150484ed2af3,826ab72c9e9ac086,"{""case"": ""harmful_reviewer""}",harmful_reviewer,post_fpr,1.0,synthetic,ALL,not_applicable,not_applicable
EXP-10,THEOREM ILLUSTRATION,1738,full,664a150484ed2af3,c0ff99b953442497,"{""case"": ""very_large_budget_universal_access""}",very_large_budget_universal_access,post_fpr,0.28,synthetic,ALL,not_applicable,not_applicable
EXP-10,THEOREM ILLUSTRATION,1738,full,664a150484ed2af3,67c4a8ce8c05ee12,"{""case"": ""equal_effective_correction""}",equal_effective_correction,post_fpr,0.24000000000000002,synthetic,ALL,not_applicable,not_applicable
EXP-10,THEOREM ILLUSTRATION,1738,full,664a150484ed2af3,7945a1f22e761f90,"{""case"": ""extreme_group_imbalance""}",extreme_group_imbalance,post_fpr,0.24000000000000002,synthetic,ALL,not_applicable,not_applicable
EXP-10,THEOREM ILLUSTRATION,1738,full,664a150484ed2af3,9c7a7c2557f83b74,"{""case"": ""equal_appeal_cost_proxy""}",equal_appeal_cost_proxy,post_fpr,0.24000000000000002,synthetic,ALL,not_applicable,not_applicable
EXP-10,THEOREM ILLUSTRATION,1738,full,664a150484ed2af3,64c560f8724558a8,"{""case"": ""perfect_classifier""}",perfect_classifier,post_fnr_plus_tpr,1.0,synthetic,ALL,not_applicable,not_applicable
EXP-10,THEOREM ILLUSTRATION,1738,full,664a150484ed2af3,574a2bd7d9892e0c,"{""case"": ""perfect_reviewer""}",perfect_reviewer,post_fnr_plus_tpr,1.0,synthetic,ALL,not_applicable,not_applicable
EXP-10,THEOREM ILLUSTRATION,1738,full,664a150484ed2af3,e58363b8094fd3e2,"{""case"": ""zero_appeals""}",zero_appeals,post_fnr_plus_tpr,1.0,synthetic,ALL,not_applicable,not_applicable
EXP-10,THEOREM ILLUSTRATION,1738,full,664a150484ed2af3,3bb9d274b0907be2,"{""case"": ""universal_appeals""}",universal_appeals,post_fnr_plus_tpr,1.0,synthetic,ALL,not_applicable,not_applicable
EXP-10,THEOREM ILLUSTRATION,1738,full,664a150484ed2af3,85dc97a6b206a32a,"{""case"": ""zero_review_accuracy""}",zero_review_accuracy,post_fnr_plus_tpr,1.0,synthetic,ALL,not_applicable,not_applicable
EXP-10,THEOREM ILLUSTRATION,1738,full,664a150484ed2af3,826ab72c9e9ac086,"{""case"": ""harmful_reviewer""}",harmful_reviewer,post_fnr_plus_tpr,1.0,synthetic,ALL,not_applicable,not_applicable
EXP-10,THEOREM ILLUSTRATION,1738,full,664a150484ed2af3,c0ff99b953442497,"{""case"": ""very_large_budget_universal_access""}",very_large_budget_universal_access,post_fnr_plus_tpr,1.0,synthetic,ALL,not_applicable,not_applicable
EXP-10,THEOREM ILLUSTRATION,1738,full,664a150484ed2af3,67c4a8ce8c05ee12,"{""case"": ""equal_effective_correction""}",equal_effective_correction,post_fnr_plus_tpr,1.0,synthetic,ALL,not_applicable,not_applicable
EXP-10,THEOREM ILLUSTRATION,1738,full,664a150484ed2af3,7945a1f22e761f90,"{""case"": ""extreme_group_imbalance""}",extreme_group_imbalance,post_fnr_plus_tpr,1.0,synthetic,ALL,not_applicable,not_applicable
EXP-10,THEOREM ILLUSTRATION,1738,full,664a150484ed2af3,9c7a7c2557f83b74,"{""case"": ""equal_appeal_cost_proxy""}",equal_appeal_cost_proxy,post_fnr_plus_tpr,1.0,synthetic,ALL,not_applicable,not_applicable
EXP-10,THEOREM ILLUSTRATION,1738,full,664a150484ed2af3,64c560f8724558a8,"{""case"": ""perfect_classifier""}",perfect_classifier,post_tnr_plus_fpr,1.0,synthetic,ALL,not_applicable,not_applicable
EXP-10,THEOREM ILLUSTRATION,1738,full,664a150484ed2af3,574a2bd7d9892e0c,"{""case"": ""perfect_reviewer""}",perfect_reviewer,post_tnr_plus_fpr,1.0,synthetic,ALL,not_applicable,not_applicable
EXP-10,THEOREM ILLUSTRATION,1738,full,664a150484ed2af3,e58363b8094fd3e2,"{""case"": ""zero_appeals""}",zero_appeals,post_tnr_plus_fpr,1.0,synthetic,ALL,not_applicable,not_applicable
EXP-10,THEOREM ILLUSTRATION,1738,full,664a150484ed2af3,3bb9d274b0907be2,"{""case"": ""universal_appeals""}",universal_appeals,post_tnr_plus_fpr,1.0,synthetic,ALL,not_applicable,not_applicable
EXP-10,THEOREM ILLUSTRATION,1738,full,664a150484ed2af3,85dc97a6b206a32a,"{""case"": ""zero_review_accuracy""}",zero_review_accuracy,post_tnr_plus_fpr,1.0,synthetic,ALL,not_applicable,not_applicable
EXP-10,THEOREM ILLUSTRATION,1738,full,664a150484ed2af3,826ab72c9e9ac086,"{""case"": ""harmful_reviewer""}",harmful_reviewer,post_tnr_plus_fpr,1.0,synthetic,ALL,not_applicable,not_applicable
EXP-10,THEOREM ILLUSTRATION,1738,full,664a150484ed2af3,c0ff99b953442497,"{""case"": ""very_large_budget_universal_access""}",very_large_budget_universal_access,post_tnr_plus_fpr,1.0,synthetic,ALL,not_applicable,not_applicable
EXP-10,THEOREM ILLUSTRATION,1738,full,664a150484ed2af3,67c4a8ce8c05ee12,"{""case"": ""equal_effective_correction""}",equal_effective_correction,post_tnr_plus_fpr,1.0,synthetic,ALL,not_applicable,not_applicable
EXP-10,THEOREM ILLUSTRATION,1738,full,664a150484ed2af3,7945a1f22e761f90,"{""case"": ""extreme_group_imbalance""}",extreme_group_imbalance,post_tnr_plus_fpr,1.0,synthetic,ALL,not_applicable,not_applicable
EXP-10,THEOREM ILLUSTRATION,1738,full,664a150484ed2af3,9c7a7c2557f83b74,"{""case"": ""equal_appeal_cost_proxy""}",equal_appeal_cost_proxy,post_tnr_plus_fpr,1.0,synthetic,ALL,not_applicable,not_applicable
