experiment_id,experiment_type,seed,configuration,config_hash,parameter_key,parameter_json,theorem_id,scenario,n,metric,value,dataset,group,model,method
THEOREM,THEOREM ILLUSTRATION,1733,full,664a150484ed2af3,e16158dd6480f201,"{""n"": 1000, ""scenario"": ""rate_y1"", ""theorem_id"": ""Proposition 1""}",Proposition 1,rate_y1,1000,theoretical_value,0.796,synthetic,ALL,not_applicable,not_applicable
THEOREM,THEOREM ILLUSTRATION,1733,full,664a150484ed2af3,927b34b0a13cf0ae,"{""n"": 1000, ""scenario"": ""rate_y0"", ""theorem_id"": ""Proposition 1""}",Proposition 1,rate_y0,1000,theoretical_value,0.224,synthetic,ALL,not_applicable,not_applicable
THEOREM,THEOREM ILLUSTRATION,1733,full,664a150484ed2af3,4e2e4c2643d8c5f6,"{""n"": 1000, ""scenario"": ""preservation_gap"", ""theorem_id"": ""Theorem 2""}",Theorem 2,preservation_gap,1000,theoretical_value,0.0,synthetic,ALL,not_applicable,not_applicable
THEOREM,THEOREM ILLUSTRATION,1733,full,664a150484ed2af3,711c46674f7b0da1,"{""n"": 1000, ""scenario"": ""nonpreservation_gap"", ""theorem_id"": ""Theorem 5""}",Theorem 5,nonpreservation_gap,1000,theoretical_value,0.175,synthetic,ALL,not_applicable,not_applicable
THEOREM,THEOREM ILLUSTRATION,1733,full,664a150484ed2af3,b5797c1a4f0b1d7c,"{""n"": 1000, ""scenario"": ""group_blind_impossibility"", ""theorem_id"": ""Theorem 8""}",Theorem 8,group_blind_impossibility,1000,theoretical_value,-0.06999999999999999,synthetic,ALL,not_applicable,not_applicable
THEOREM,THEOREM ILLUSTRATION,1733,full,664a150484ed2af3,ffa9aa4d5886caae,"{""n"": 10000, ""scenario"": ""rate_y1"", ""theorem_id"": ""Proposition 1""}",Proposition 1,rate_y1,10000,theoretical_value,0.796,synthetic,ALL,not_applicable,not_applicable
THEOREM,THEOREM ILLUSTRATION,1733,full,664a150484ed2af3,e46080f2f4070cca,"{""n"": 10000, ""scenario"": ""rate_y0"", ""theorem_id"": ""Proposition 1""}",Proposition 1,rate_y0,10000,theoretical_value,0.224,synthetic,ALL,not_applicable,not_applicable
THEOREM,THEOREM ILLUSTRATION,1733,full,664a150484ed2af3,5d068ba2528e4e48,"{""n"": 10000, ""scenario"": ""preservation_gap"", ""theorem_id"": ""Theorem 2""}",Theorem 2,preservation_gap,10000,theoretical_value,0.0,synthetic,ALL,not_applicable,not_applicable
THEOREM,THEOREM ILLUSTRATION,1733,full,664a150484ed2af3,48a52515920fde23,"{""n"": 10000, ""scenario"": ""nonpreservation_gap"", ""theorem_id"": ""Theorem 5""}",Theorem 5,nonpreservation_gap,10000,theoretical_value,0.175,synthetic,ALL,not_applicable,not_applicable
THEOREM,THEOREM ILLUSTRATION,1733,full,664a150484ed2af3,3bc6d4b683e6ec34,"{""n"": 10000, ""scenario"": ""group_blind_impossibility"", ""theorem_id"": ""Theorem 8""}",Theorem 8,group_blind_impossibility,10000,theoretical_value,-0.06999999999999999,synthetic,ALL,not_applicable,not_applicable
THEOREM,THEOREM ILLUSTRATION,1733,full,664a150484ed2af3,fb74beeff121a1b4,"{""n"": 100000, ""scenario"": ""rate_y1"", ""theorem_id"": ""Proposition 1""}",Proposition 1,rate_y1,100000,theoretical_value,0.796,synthetic,ALL,not_applicable,not_applicable
THEOREM,THEOREM ILLUSTRATION,1733,full,664a150484ed2af3,243d9980465f362e,"{""n"": 100000, ""scenario"": ""rate_y0"", ""theorem_id"": ""Proposition 1""}",Proposition 1,rate_y0,100000,theoretical_value,0.224,synthetic,ALL,not_applicable,not_applicable
THEOREM,THEOREM ILLUSTRATION,1733,full,664a150484ed2af3,13181b6a2f42305e,"{""n"": 100000, ""scenario"": ""preservation_gap"", ""theorem_id"": ""Theorem 2""}",Theorem 2,preservation_gap,100000,theoretical_value,0.0,synthetic,ALL,not_applicable,not_applicable
THEOREM,THEOREM ILLUSTRATION,1733,full,664a150484ed2af3,fd620d7dadafb78b,"{""n"": 100000, ""scenario"": ""nonpreservation_gap"", ""theorem_id"": ""Theorem 5""}",Theorem 5,nonpreservation_gap,100000,theoretical_value,0.175,synthetic,ALL,not_applicable,not_applicable
THEOREM,THEOREM ILLUSTRATION,1733,full,664a150484ed2af3,406ce46d0c526c46,"{""n"": 100000, ""scenario"": ""group_blind_impossibility"", ""theorem_id"": ""Theorem 8""}",Theorem 8,group_blind_impossibility,100000,theoretical_value,-0.06999999999999999,synthetic,ALL,not_applicable,not_applicable
THEOREM,THEOREM ILLUSTRATION,1733,full,664a150484ed2af3,b4708ee327247271,"{""n"": 1000000, ""scenario"": ""rate_y1"", ""theorem_id"": ""Proposition 1""}",Proposition 1,rate_y1,1000000,theoretical_value,0.796,synthetic,ALL,not_applicable,not_applicable
THEOREM,THEOREM ILLUSTRATION,1733,full,664a150484ed2af3,76c1c3369cc67d08,"{""n"": 1000000, ""scenario"": ""rate_y0"", ""theorem_id"": ""Proposition 1""}",Proposition 1,rate_y0,1000000,theoretical_value,0.224,synthetic,ALL,not_applicable,not_applicable
THEOREM,THEOREM ILLUSTRATION,1733,full,664a150484ed2af3,b4cb06870d91bc40,"{""n"": 1000000, ""scenario"": ""preservation_gap"", ""theorem_id"": ""Theorem 2""}",Theorem 2,preservation_gap,1000000,theoretical_value,0.0,synthetic,ALL,not_applicable,not_applicable
THEOREM,THEOREM ILLUSTRATION,1733,full,664a150484ed2af3,eb65dfa1ef32116d,"{""n"": 1000000, ""scenario"": ""nonpreservation_gap"", ""theorem_id"": ""Theorem 5""}",Theorem 5,nonpreservation_gap,1000000,theoretical_value,0.175,synthetic,ALL,not_applicable,not_applicable
THEOREM,THEOREM ILLUSTRATION,1733,full,664a150484ed2af3,b78960b7ed8074e1,"{""n"": 1000000, ""scenario"": ""group_blind_impossibility"", ""theorem_id"": ""Theorem 8""}",Theorem 8,group_blind_impossibility,1000000,theoretical_value,-0.06999999999999999,synthetic,ALL,not_applicable,not_applicable
THEOREM,THEOREM ILLUSTRATION,1733,full,664a150484ed2af3,1dd06a23d5a4ef19,"{""n"": 0, ""scenario"": ""observable_signature_distance"", ""theorem_id"": ""Theorem 13""}",Theorem 13,observable_signature_distance,0,theoretical_value,0.0,synthetic,ALL,not_applicable,not_applicable
THEOREM,THEOREM ILLUSTRATION,1733,full,664a150484ed2af3,f6490181c9ea2b2d,"{""n"": 0, ""scenario"": ""latent_fnr_difference"", ""theorem_id"": ""Corollary 5""}",Corollary 5,latent_fnr_difference,0,theoretical_value,0.6666666666666666,synthetic,ALL,not_applicable,not_applicable
THEOREM,THEOREM ILLUSTRATION,1733,full,664a150484ed2af3,d01770c63c0e0f3d,"{""n"": 0, ""scenario"": ""sharp_bound_coverage"", ""theorem_id"": ""Theorem 14""}",Theorem 14,sharp_bound_coverage,0,theoretical_value,1.0,synthetic,ALL,not_applicable,not_applicable
THEOREM,THEOREM ILLUSTRATION,1733,full,664a150484ed2af3,5f5dfafc92012af8,"{""n"": 0, ""scenario"": ""closed_form_subsidy"", ""theorem_id"": ""Proposition 6""}",Proposition 6,closed_form_subsidy,0,theoretical_value,1.0,synthetic,ALL,not_applicable,not_applicable
THEOREM,THEOREM ILLUSTRATION,1733,full,664a150484ed2af3,8075835e1724b6d4,"{""n"": 0, ""scenario"": ""knapsack_optimum"", ""theorem_id"": ""Theorem 12""}",Theorem 12,knapsack_optimum,0,theoretical_value,220.0,synthetic,ALL,not_applicable,not_applicable
THEOREM,THEOREM ILLUSTRATION,1733,full,664a150484ed2af3,4679b2278e50387c,"{""n"": 0, ""scenario"": ""equal_kappa_dp_increment_gap"", ""theorem_id"": ""Theorem 4""}",Theorem 4,equal_kappa_dp_increment_gap,0,theoretical_value,0.2,synthetic,ALL,not_applicable,not_applicable
THEOREM,THEOREM ILLUSTRATION,1733,full,664a150484ed2af3,a200340626bddffd,"{""n"": 0, ""scenario"": ""compatible_linear_operator"", ""theorem_id"": ""Theorem 1""}",Theorem 1,compatible_linear_operator,0,theoretical_value,1.0,synthetic,ALL,not_applicable,not_applicable
THEOREM,THEOREM ILLUSTRATION,1733,full,664a150484ed2af3,7387f267c5b36d7c,"{""n"": 0, ""scenario"": ""incompatible_linear_operator"", ""theorem_id"": ""Theorem 1""}",Theorem 1,incompatible_linear_operator,0,theoretical_value,0.0,synthetic,ALL,not_applicable,not_applicable
THEOREM,THEOREM ILLUSTRATION,1733,full,664a150484ed2af3,e16158dd6480f201,"{""n"": 1000, ""scenario"": ""rate_y1"", ""theorem_id"": ""Proposition 1""}",Proposition 1,rate_y1,1000,empirical_value,0.797,synthetic,ALL,not_applicable,not_applicable
THEOREM,THEOREM ILLUSTRATION,1733,full,664a150484ed2af3,927b34b0a13cf0ae,"{""n"": 1000, ""scenario"": ""rate_y0"", ""theorem_id"": ""Proposition 1""}",Proposition 1,rate_y0,1000,empirical_value,0.238,synthetic,ALL,not_applicable,not_applicable
THEOREM,THEOREM ILLUSTRATION,1733,full,664a150484ed2af3,4e2e4c2643d8c5f6,"{""n"": 1000, ""scenario"": ""preservation_gap"", ""theorem_id"": ""Theorem 2""}",Theorem 2,preservation_gap,1000,empirical_value,0.017000000000000015,synthetic,ALL,not_applicable,not_applicable
THEOREM,THEOREM ILLUSTRATION,1733,full,664a150484ed2af3,711c46674f7b0da1,"{""n"": 1000, ""scenario"": ""nonpreservation_gap"", ""theorem_id"": ""Theorem 5""}",Theorem 5,nonpreservation_gap,1000,empirical_value,0.16199999999999992,synthetic,ALL,not_applicable,not_applicable
THEOREM,THEOREM ILLUSTRATION,1733,full,664a150484ed2af3,b5797c1a4f0b1d7c,"{""n"": 1000, ""scenario"": ""group_blind_impossibility"", ""theorem_id"": ""Theorem 8""}",Theorem 8,group_blind_impossibility,1000,empirical_value,-0.06700000000000006,synthetic,ALL,not_applicable,not_applicable
THEOREM,THEOREM ILLUSTRATION,1733,full,664a150484ed2af3,ffa9aa4d5886caae,"{""n"": 10000, ""scenario"": ""rate_y1"", ""theorem_id"": ""Proposition 1""}",Proposition 1,rate_y1,10000,empirical_value,0.7915,synthetic,ALL,not_applicable,not_applicable
THEOREM,THEOREM ILLUSTRATION,1733,full,664a150484ed2af3,e46080f2f4070cca,"{""n"": 10000, ""scenario"": ""rate_y0"", ""theorem_id"": ""Proposition 1""}",Proposition 1,rate_y0,10000,empirical_value,0.2166,synthetic,ALL,not_applicable,not_applicable
THEOREM,THEOREM ILLUSTRATION,1733,full,664a150484ed2af3,5d068ba2528e4e48,"{""n"": 10000, ""scenario"": ""preservation_gap"", ""theorem_id"": ""Theorem 2""}",Theorem 2,preservation_gap,10000,empirical_value,0.0019000000000000128,synthetic,ALL,not_applicable,not_applicable
THEOREM,THEOREM ILLUSTRATION,1733,full,664a150484ed2af3,48a52515920fde23,"{""n"": 10000, ""scenario"": ""nonpreservation_gap"", ""theorem_id"": ""Theorem 5""}",Theorem 5,nonpreservation_gap,10000,empirical_value,0.17479999999999996,synthetic,ALL,not_applicable,not_applicable
THEOREM,THEOREM ILLUSTRATION,1733,full,664a150484ed2af3,3bc6d4b683e6ec34,"{""n"": 10000, ""scenario"": ""group_blind_impossibility"", ""theorem_id"": ""Theorem 8""}",Theorem 8,group_blind_impossibility,10000,empirical_value,-0.0665,synthetic,ALL,not_applicable,not_applicable
THEOREM,THEOREM ILLUSTRATION,1733,full,664a150484ed2af3,fb74beeff121a1b4,"{""n"": 100000, ""scenario"": ""rate_y1"", ""theorem_id"": ""Proposition 1""}",Proposition 1,rate_y1,100000,empirical_value,0.79485,synthetic,ALL,not_applicable,not_applicable
THEOREM,THEOREM ILLUSTRATION,1733,full,664a150484ed2af3,243d9980465f362e,"{""n"": 100000, ""scenario"": ""rate_y0"", ""theorem_id"": ""Proposition 1""}",Proposition 1,rate_y0,100000,empirical_value,0.22475,synthetic,ALL,not_applicable,not_applicable
THEOREM,THEOREM ILLUSTRATION,1733,full,664a150484ed2af3,13181b6a2f42305e,"{""n"": 100000, ""scenario"": ""preservation_gap"", ""theorem_id"": ""Theorem 2""}",Theorem 2,preservation_gap,100000,empirical_value,0.0018899999999999473,synthetic,ALL,not_applicable,not_applicable
THEOREM,THEOREM ILLUSTRATION,1733,full,664a150484ed2af3,fd620d7dadafb78b,"{""n"": 100000, ""scenario"": ""nonpreservation_gap"", ""theorem_id"": ""Theorem 5""}",Theorem 5,nonpreservation_gap,100000,empirical_value,0.17432000000000003,synthetic,ALL,not_applicable,not_applicable
THEOREM,THEOREM ILLUSTRATION,1733,full,664a150484ed2af3,406ce46d0c526c46,"{""n"": 100000, ""scenario"": ""group_blind_impossibility"", ""theorem_id"": ""Theorem 8""}",Theorem 8,group_blind_impossibility,100000,empirical_value,-0.07222000000000006,synthetic,ALL,not_applicable,not_applicable
THEOREM,THEOREM ILLUSTRATION,1733,full,664a150484ed2af3,b4708ee327247271,"{""n"": 1000000, ""scenario"": ""rate_y1"", ""theorem_id"": ""Proposition 1""}",Proposition 1,rate_y1,1000000,empirical_value,0.796039,synthetic,ALL,not_applicable,not_applicable
THEOREM,THEOREM ILLUSTRATION,1733,full,664a150484ed2af3,76c1c3369cc67d08,"{""n"": 1000000, ""scenario"": ""rate_y0"", ""theorem_id"": ""Proposition 1""}",Proposition 1,rate_y0,1000000,empirical_value,0.224746,synthetic,ALL,not_applicable,not_applicable
THEOREM,THEOREM ILLUSTRATION,1733,full,664a150484ed2af3,b4cb06870d91bc40,"{""n"": 1000000, ""scenario"": ""preservation_gap"", ""theorem_id"": ""Theorem 2""}",Theorem 2,preservation_gap,1000000,empirical_value,0.0007869999999999822,synthetic,ALL,not_applicable,not_applicable
THEOREM,THEOREM ILLUSTRATION,1733,full,664a150484ed2af3,eb65dfa1ef32116d,"{""n"": 1000000, ""scenario"": ""nonpreservation_gap"", ""theorem_id"": ""Theorem 5""}",Theorem 5,nonpreservation_gap,1000000,empirical_value,0.17460999999999993,synthetic,ALL,not_applicable,not_applicable
THEOREM,THEOREM ILLUSTRATION,1733,full,664a150484ed2af3,b78960b7ed8074e1,"{""n"": 1000000, ""scenario"": ""group_blind_impossibility"", ""theorem_id"": ""Theorem 8""}",Theorem 8,group_blind_impossibility,1000000,empirical_value,-0.07082699999999997,synthetic,ALL,not_applicable,not_applicable
THEOREM,THEOREM ILLUSTRATION,1733,full,664a150484ed2af3,1dd06a23d5a4ef19,"{""n"": 0, ""scenario"": ""observable_signature_distance"", ""theorem_id"": ""Theorem 13""}",Theorem 13,observable_signature_distance,0,empirical_value,0.0,synthetic,ALL,not_applicable,not_applicable
THEOREM,THEOREM ILLUSTRATION,1733,full,664a150484ed2af3,f6490181c9ea2b2d,"{""n"": 0, ""scenario"": ""latent_fnr_difference"", ""theorem_id"": ""Corollary 5""}",Corollary 5,latent_fnr_difference,0,empirical_value,0.6666666666666666,synthetic,ALL,not_applicable,not_applicable
THEOREM,THEOREM ILLUSTRATION,1733,full,664a150484ed2af3,d01770c63c0e0f3d,"{""n"": 0, ""scenario"": ""sharp_bound_coverage"", ""theorem_id"": ""Theorem 14""}",Theorem 14,sharp_bound_coverage,0,empirical_value,1.0,synthetic,ALL,not_applicable,not_applicable
THEOREM,THEOREM ILLUSTRATION,1733,full,664a150484ed2af3,5f5dfafc92012af8,"{""n"": 0, ""scenario"": ""closed_form_subsidy"", ""theorem_id"": ""Proposition 6""}",Proposition 6,closed_form_subsidy,0,empirical_value,1.0,synthetic,ALL,not_applicable,not_applicable
THEOREM,THEOREM ILLUSTRATION,1733,full,664a150484ed2af3,8075835e1724b6d4,"{""n"": 0, ""scenario"": ""knapsack_optimum"", ""theorem_id"": ""Theorem 12""}",Theorem 12,knapsack_optimum,0,empirical_value,220.0,synthetic,ALL,not_applicable,not_applicable
THEOREM,THEOREM ILLUSTRATION,1733,full,664a150484ed2af3,4679b2278e50387c,"{""n"": 0, ""scenario"": ""equal_kappa_dp_increment_gap"", ""theorem_id"": ""Theorem 4""}",Theorem 4,equal_kappa_dp_increment_gap,0,empirical_value,0.2,synthetic,ALL,not_applicable,not_applicable
THEOREM,THEOREM ILLUSTRATION,1733,full,664a150484ed2af3,a200340626bddffd,"{""n"": 0, ""scenario"": ""compatible_linear_operator"", ""theorem_id"": ""Theorem 1""}",Theorem 1,compatible_linear_operator,0,empirical_value,1.0,synthetic,ALL,not_applicable,not_applicable
THEOREM,THEOREM ILLUSTRATION,1733,full,664a150484ed2af3,7387f267c5b36d7c,"{""n"": 0, ""scenario"": ""incompatible_linear_operator"", ""theorem_id"": ""Theorem 1""}",Theorem 1,incompatible_linear_operator,0,empirical_value,0.0,synthetic,ALL,not_applicable,not_applicable
THEOREM,THEOREM ILLUSTRATION,1733,full,664a150484ed2af3,e16158dd6480f201,"{""n"": 1000, ""scenario"": ""rate_y1"", ""theorem_id"": ""Proposition 1""}",Proposition 1,rate_y1,1000,absolute_error,0.0010000000000000009,synthetic,ALL,not_applicable,not_applicable
THEOREM,THEOREM ILLUSTRATION,1733,full,664a150484ed2af3,927b34b0a13cf0ae,"{""n"": 1000, ""scenario"": ""rate_y0"", ""theorem_id"": ""Proposition 1""}",Proposition 1,rate_y0,1000,absolute_error,0.013999999999999985,synthetic,ALL,not_applicable,not_applicable
THEOREM,THEOREM ILLUSTRATION,1733,full,664a150484ed2af3,4e2e4c2643d8c5f6,"{""n"": 1000, ""scenario"": ""preservation_gap"", ""theorem_id"": ""Theorem 2""}",Theorem 2,preservation_gap,1000,absolute_error,0.017000000000000015,synthetic,ALL,not_applicable,not_applicable
THEOREM,THEOREM ILLUSTRATION,1733,full,664a150484ed2af3,711c46674f7b0da1,"{""n"": 1000, ""scenario"": ""nonpreservation_gap"", ""theorem_id"": ""Theorem 5""}",Theorem 5,nonpreservation_gap,1000,absolute_error,0.013000000000000067,synthetic,ALL,not_applicable,not_applicable
THEOREM,THEOREM ILLUSTRATION,1733,full,664a150484ed2af3,b5797c1a4f0b1d7c,"{""n"": 1000, ""scenario"": ""group_blind_impossibility"", ""theorem_id"": ""Theorem 8""}",Theorem 8,group_blind_impossibility,1000,absolute_error,0.0029999999999999333,synthetic,ALL,not_applicable,not_applicable
THEOREM,THEOREM ILLUSTRATION,1733,full,664a150484ed2af3,ffa9aa4d5886caae,"{""n"": 10000, ""scenario"": ""rate_y1"", ""theorem_id"": ""Proposition 1""}",Proposition 1,rate_y1,10000,absolute_error,0.0045000000000000595,synthetic,ALL,not_applicable,not_applicable
THEOREM,THEOREM ILLUSTRATION,1733,full,664a150484ed2af3,e46080f2f4070cca,"{""n"": 10000, ""scenario"": ""rate_y0"", ""theorem_id"": ""Proposition 1""}",Proposition 1,rate_y0,10000,absolute_error,0.007400000000000018,synthetic,ALL,not_applicable,not_applicable
THEOREM,THEOREM ILLUSTRATION,1733,full,664a150484ed2af3,5d068ba2528e4e48,"{""n"": 10000, ""scenario"": ""preservation_gap"", ""theorem_id"": ""Theorem 2""}",Theorem 2,preservation_gap,10000,absolute_error,0.0019000000000000128,synthetic,ALL,not_applicable,not_applicable
THEOREM,THEOREM ILLUSTRATION,1733,full,664a150484ed2af3,48a52515920fde23,"{""n"": 10000, ""scenario"": ""nonpreservation_gap"", ""theorem_id"": ""Theorem 5""}",Theorem 5,nonpreservation_gap,10000,absolute_error,0.00020000000000003348,synthetic,ALL,not_applicable,not_applicable
THEOREM,THEOREM ILLUSTRATION,1733,full,664a150484ed2af3,3bc6d4b683e6ec34,"{""n"": 10000, ""scenario"": ""group_blind_impossibility"", ""theorem_id"": ""Theorem 8""}",Theorem 8,group_blind_impossibility,10000,absolute_error,0.0034999999999999892,synthetic,ALL,not_applicable,not_applicable
THEOREM,THEOREM ILLUSTRATION,1733,full,664a150484ed2af3,fb74beeff121a1b4,"{""n"": 100000, ""scenario"": ""rate_y1"", ""theorem_id"": ""Proposition 1""}",Proposition 1,rate_y1,100000,absolute_error,0.0011500000000000954,synthetic,ALL,not_applicable,not_applicable
THEOREM,THEOREM ILLUSTRATION,1733,full,664a150484ed2af3,243d9980465f362e,"{""n"": 100000, ""scenario"": ""rate_y0"", ""theorem_id"": ""Proposition 1""}",Proposition 1,rate_y0,100000,absolute_error,0.0007500000000000007,synthetic,ALL,not_applicable,not_applicable
THEOREM,THEOREM ILLUSTRATION,1733,full,664a150484ed2af3,13181b6a2f42305e,"{""n"": 100000, ""scenario"": ""preservation_gap"", ""theorem_id"": ""Theorem 2""}",Theorem 2,preservation_gap,100000,absolute_error,0.0018899999999999473,synthetic,ALL,not_applicable,not_applicable
THEOREM,THEOREM ILLUSTRATION,1733,full,664a150484ed2af3,fd620d7dadafb78b,"{""n"": 100000, ""scenario"": ""nonpreservation_gap"", ""theorem_id"": ""Theorem 5""}",Theorem 5,nonpreservation_gap,100000,absolute_error,0.0006799999999999584,synthetic,ALL,not_applicable,not_applicable
THEOREM,THEOREM ILLUSTRATION,1733,full,664a150484ed2af3,406ce46d0c526c46,"{""n"": 100000, ""scenario"": ""group_blind_impossibility"", ""theorem_id"": ""Theorem 8""}",Theorem 8,group_blind_impossibility,100000,absolute_error,0.002220000000000069,synthetic,ALL,not_applicable,not_applicable
THEOREM,THEOREM ILLUSTRATION,1733,full,664a150484ed2af3,b4708ee327247271,"{""n"": 1000000, ""scenario"": ""rate_y1"", ""theorem_id"": ""Proposition 1""}",Proposition 1,rate_y1,1000000,absolute_error,3.900000000001125e-05,synthetic,ALL,not_applicable,not_applicable
THEOREM,THEOREM ILLUSTRATION,1733,full,664a150484ed2af3,76c1c3369cc67d08,"{""n"": 1000000, ""scenario"": ""rate_y0"", ""theorem_id"": ""Proposition 1""}",Proposition 1,rate_y0,1000000,absolute_error,0.0007459999999999967,synthetic,ALL,not_applicable,not_applicable
THEOREM,THEOREM ILLUSTRATION,1733,full,664a150484ed2af3,b4cb06870d91bc40,"{""n"": 1000000, ""scenario"": ""preservation_gap"", ""theorem_id"": ""Theorem 2""}",Theorem 2,preservation_gap,1000000,absolute_error,0.0007869999999999822,synthetic,ALL,not_applicable,not_applicable
THEOREM,THEOREM ILLUSTRATION,1733,full,664a150484ed2af3,eb65dfa1ef32116d,"{""n"": 1000000, ""scenario"": ""nonpreservation_gap"", ""theorem_id"": ""Theorem 5""}",Theorem 5,nonpreservation_gap,1000000,absolute_error,0.00039000000000005697,synthetic,ALL,not_applicable,not_applicable
THEOREM,THEOREM ILLUSTRATION,1733,full,664a150484ed2af3,b78960b7ed8074e1,"{""n"": 1000000, ""scenario"": ""group_blind_impossibility"", ""theorem_id"": ""Theorem 8""}",Theorem 8,group_blind_impossibility,1000000,absolute_error,0.0008269999999999805,synthetic,ALL,not_applicable,not_applicable
THEOREM,THEOREM ILLUSTRATION,1733,full,664a150484ed2af3,1dd06a23d5a4ef19,"{""n"": 0, ""scenario"": ""observable_signature_distance"", ""theorem_id"": ""Theorem 13""}",Theorem 13,observable_signature_distance,0,absolute_error,0.0,synthetic,ALL,not_applicable,not_applicable
THEOREM,THEOREM ILLUSTRATION,1733,full,664a150484ed2af3,f6490181c9ea2b2d,"{""n"": 0, ""scenario"": ""latent_fnr_difference"", ""theorem_id"": ""Corollary 5""}",Corollary 5,latent_fnr_difference,0,absolute_error,0.0,synthetic,ALL,not_applicable,not_applicable
THEOREM,THEOREM ILLUSTRATION,1733,full,664a150484ed2af3,d01770c63c0e0f3d,"{""n"": 0, ""scenario"": ""sharp_bound_coverage"", ""theorem_id"": ""Theorem 14""}",Theorem 14,sharp_bound_coverage,0,absolute_error,0.0,synthetic,ALL,not_applicable,not_applicable
THEOREM,THEOREM ILLUSTRATION,1733,full,664a150484ed2af3,5f5dfafc92012af8,"{""n"": 0, ""scenario"": ""closed_form_subsidy"", ""theorem_id"": ""Proposition 6""}",Proposition 6,closed_form_subsidy,0,absolute_error,0.0,synthetic,ALL,not_applicable,not_applicable
THEOREM,THEOREM ILLUSTRATION,1733,full,664a150484ed2af3,8075835e1724b6d4,"{""n"": 0, ""scenario"": ""knapsack_optimum"", ""theorem_id"": ""Theorem 12""}",Theorem 12,knapsack_optimum,0,absolute_error,0.0,synthetic,ALL,not_applicable,not_applicable
THEOREM,THEOREM ILLUSTRATION,1733,full,664a150484ed2af3,4679b2278e50387c,"{""n"": 0, ""scenario"": ""equal_kappa_dp_increment_gap"", ""theorem_id"": ""Theorem 4""}",Theorem 4,equal_kappa_dp_increment_gap,0,absolute_error,0.0,synthetic,ALL,not_applicable,not_applicable
THEOREM,THEOREM ILLUSTRATION,1733,full,664a150484ed2af3,a200340626bddffd,"{""n"": 0, ""scenario"": ""compatible_linear_operator"", ""theorem_id"": ""Theorem 1""}",Theorem 1,compatible_linear_operator,0,absolute_error,0.0,synthetic,ALL,not_applicable,not_applicable
THEOREM,THEOREM ILLUSTRATION,1733,full,664a150484ed2af3,7387f267c5b36d7c,"{""n"": 0, ""scenario"": ""incompatible_linear_operator"", ""theorem_id"": ""Theorem 1""}",Theorem 1,incompatible_linear_operator,0,absolute_error,0.0,synthetic,ALL,not_applicable,not_applicable
THEOREM,THEOREM ILLUSTRATION,1733,full,664a150484ed2af3,d01770c63c0e0f3d,"{""n"": 0, ""scenario"": ""sharp_bound_coverage"", ""theorem_id"": ""Theorem 14""}",Theorem 14,sharp_bound_coverage,0,lower,0.06666666666666665,synthetic,ALL,not_applicable,not_applicable
THEOREM,THEOREM ILLUSTRATION,1733,full,664a150484ed2af3,d01770c63c0e0f3d,"{""n"": 0, ""scenario"": ""sharp_bound_coverage"", ""theorem_id"": ""Theorem 14""}",Theorem 14,sharp_bound_coverage,0,upper,0.6,synthetic,ALL,not_applicable,not_applicable
THEOREM,THEOREM ILLUSTRATION,1733,full,664a150484ed2af3,d01770c63c0e0f3d,"{""n"": 0, ""scenario"": ""sharp_bound_coverage"", ""theorem_id"": ""Theorem 14""}",Theorem 14,sharp_bound_coverage,0,oracle_truth,0.39130434782608686,synthetic,ALL,not_applicable,not_applicable
