dataset,model,contestation_scenario,group,metric,pre_n,pre_mean,pre_sd,pre_ci95_lower,pre_ci95_upper,post_n,post_mean,post_sd,post_ci95_lower,post_ci95_upper,delta_n,delta_mean,delta_sd,delta_ci95_lower,delta_ci95_upper,delta_positive_fraction,delta_negative_fraction,paired_effect_size_dz
adult,gradient_boosting,equal_access,ALL,equal_opportunity_gap,20,0.031035145571350415,0.031660331886555836,0.016217654136406655,0.045852637006294175,20,0.026074841671222853,0.021801983416518494,0.015871199343764242,0.036278483998681464,20,-0.004960303900127559,0.017268179802026936,-0.013042060820125465,0.0031214530198703473,0.45,0.55,-0.2872511148827232
adult,gradient_boosting,moderate_first_group,ALL,equal_opportunity_gap,20,0.031035145571350415,0.031660331886555836,0.016217654136406655,0.045852637006294175,20,0.07520930153089118,0.02856645980255232,0.061839786802881457,0.0885788162589009,20,0.04417415595954076,0.04054555899497816,0.025198250233542635,0.06315006168553888,0.85,0.15,1.0894943134218973
adult,gradient_boosting,moderate_second_group,ALL,equal_opportunity_gap,20,0.031035145571350415,0.031660331886555836,0.016217654136406655,0.045852637006294175,20,0.08373143338800795,0.030389640110466593,0.06950864401039326,0.09795422276562264,20,0.05269628781665755,0.046575536636411764,0.030898265684078552,0.07449430994923655,0.9,0.1,1.1314155804156791
adult,gradient_boosting,strong_first_group,ALL,equal_opportunity_gap,20,0.031035145571350415,0.031660331886555836,0.016217654136406655,0.045852637006294175,20,0.13608856729542554,0.026795785927477733,0.12354775345002209,0.148629381140829,20,0.1050534217240751,0.03896719057230496,0.0868162151585263,0.1232906282896239,1.0,0.0,2.6959454910957685
adult,gradient_boosting,strong_second_group,ALL,equal_opportunity_gap,20,0.031035145571350415,0.031660331886555836,0.016217654136406655,0.045852637006294175,20,0.1406940552669947,0.03693032047292101,0.12341013325196354,0.15797797728202584,20,0.10965890969564426,0.04787277591207729,0.08725376089348008,0.13206405849780845,0.95,0.05,2.2906319428195023
adult,logistic,equal_access,ALL,equal_opportunity_gap,20,0.03935808501913612,0.026487155193594975,0.026961714803453746,0.05175445523481849,20,0.028843601922726392,0.021488737535090632,0.018786563180527724,0.03890064066492506,20,-0.010514483096409727,0.024180398228148006,-0.021831257820153445,0.0008022916273339904,0.35,0.65,-0.4348349848171644
adult,logistic,moderate_first_group,ALL,equal_opportunity_gap,20,0.03935808501913612,0.026487155193594975,0.026961714803453746,0.05175445523481849,20,0.09538981342263528,0.03308070507518861,0.07990756687291879,0.11087205997235176,20,0.05603172840349916,0.042554008135137295,0.036115839545344884,0.07594761726165344,0.95,0.05,1.316720348070648
adult,logistic,moderate_second_group,ALL,equal_opportunity_gap,20,0.03935808501913612,0.026487155193594975,0.026961714803453746,0.05175445523481849,20,0.09803854565336245,0.040361746816501676,0.07914866667496676,0.11692842463175815,20,0.05868046063422633,0.05241043784798743,0.03415162067459294,0.08320930059385973,0.85,0.15,1.1196330930190783
adult,logistic,strong_first_group,ALL,equal_opportunity_gap,20,0.03935808501913612,0.026487155193594975,0.026961714803453746,0.05175445523481849,20,0.159867072170585,0.02793608191120772,0.14679258337721313,0.17294156096395685,20,0.12050898715144887,0.038606031778580865,0.10244080810436818,0.13857716619852956,1.0,0.0,3.1215067076204615
adult,logistic,strong_second_group,ALL,equal_opportunity_gap,20,0.03935808501913612,0.026487155193594975,0.026961714803453746,0.05175445523481849,20,0.1630760775469291,0.037085642854762485,0.1457194624195567,0.1804326926743015,20,0.12371799252779295,0.05082788509551922,0.09992981005523416,0.14750617500035174,0.95,0.05,2.434057452819327
adult,random_forest,equal_access,ALL,equal_opportunity_gap,20,0.03943653749772185,0.02613592824919631,0.0272045465519409,0.0516685284435028,20,0.032119526836158145,0.018092991999927182,0.023651745924952054,0.040587307747364236,20,-0.0073170106615637,0.02177757890474901,-0.017509231325932552,0.0028752100028051498,0.35,0.65,-0.3359882516585941
adult,random_forest,moderate_first_group,ALL,equal_opportunity_gap,20,0.03943653749772185,0.02613592824919631,0.0272045465519409,0.0516685284435028,20,0.10824904319300162,0.025152961164733846,0.09647709500378568,0.12002099138221756,20,0.06881250569527977,0.04512993179529838,0.04769104745433221,0.08993396393622734,0.9,0.1,1.5247642298109707
adult,random_forest,moderate_second_group,ALL,equal_opportunity_gap,20,0.03943653749772185,0.02613592824919631,0.0272045465519409,0.0516685284435028,20,0.11780785834700198,0.03534233950762486,0.10126713430085002,0.13434858239315395,20,0.07837132084928011,0.0392187507295469,0.06001638050606083,0.09672626119249939,0.95,0.05,1.9983125263150254
adult,random_forest,strong_first_group,ALL,equal_opportunity_gap,20,0.03943653749772185,0.02613592824919631,0.0272045465519409,0.0516685284435028,20,0.176168956169127,0.026943896001695795,0.16355882467525357,0.18877908766300044,20,0.13673241867140518,0.040828473162247116,0.1176241050393449,0.15584073230346546,1.0,0.0,3.348947635833652
adult,random_forest,strong_second_group,ALL,equal_opportunity_gap,20,0.03943653749772185,0.02613592824919631,0.0272045465519409,0.0516685284435028,20,0.19077806064333877,0.04120591654498172,0.17149309807055083,0.21006302321612672,20,0.1513415231456169,0.04121778730725453,0.1320510048850701,0.17063204140616373,1.0,0.0,3.671752731835269
german,gradient_boosting,equal_access,ALL,equal_opportunity_gap,20,0.07424999999999994,0.044404687993380536,0.05346796630651667,0.0950320336934832,20,0.04799999999999994,0.026576602293628192,0.03556176725288954,0.06043823274711034,20,-0.026250000000000006,0.036123873138498276,-0.04315649304450239,-0.009343506955497623,0.25,0.7,-0.726666265805939
german,gradient_boosting,moderate_first_group,ALL,equal_opportunity_gap,20,0.07424999999999994,0.044404687993380536,0.05346796630651667,0.0950320336934832,20,0.06624999999999992,0.035499258702415916,0.04963583551004193,0.08286416448995791,20,-0.008000000000000009,0.03938340553556722,-0.02643200116452308,0.01043200116452306,0.35,0.65,-0.20313123995270535
german,gradient_boosting,moderate_second_group,ALL,equal_opportunity_gap,20,0.07424999999999994,0.044404687993380536,0.05346796630651667,0.0950320336934832,20,0.05649999999999994,0.037700342033908436,0.03885569680117272,0.07414430319882716,20,-0.017749999999999988,0.04878726645776595,-0.04058314355208127,0.005083143552081299,0.3,0.65,-0.3638244420880962
german,gradient_boosting,strong_first_group,ALL,equal_opportunity_gap,20,0.07424999999999994,0.044404687993380536,0.05346796630651667,0.0950320336934832,20,0.07999999999999992,0.044897544183220194,0.05898730250937846,0.10101269749062138,20,0.0057499999999999895,0.04283613206775696,-0.014297926923016133,0.025797926923016114,0.5,0.45,0.13423247437244812
german,gradient_boosting,strong_second_group,ALL,equal_opportunity_gap,20,0.07424999999999994,0.044404687993380536,0.05346796630651667,0.0950320336934832,20,0.053499999999999936,0.04551171046526028,0.032199863841446366,0.0748001361585535,20,-0.020749999999999998,0.06858101240983465,-0.0528469018146652,0.011346901814665203,0.35,0.65,-0.30256187931434514
german,logistic,equal_access,ALL,equal_opportunity_gap,20,0.09449999999999995,0.05574613510322817,0.06841000566945854,0.12058999433054135,20,0.05999999999999992,0.0367781399604081,0.04278730065720117,0.07721269934279867,20,-0.034500000000000024,0.0345230662784052,-0.050657292372083024,-0.018342707627917024,0.1,0.9,-0.9993318589310937
german,logistic,moderate_first_group,ALL,equal_opportunity_gap,20,0.09449999999999995,0.05574613510322817,0.06841000566945854,0.12058999433054135,20,0.0807499999999999,0.048266666060870426,0.05816050493365364,0.10333949506634617,20,-0.013750000000000035,0.04544733794531635,-0.03502000889184229,0.007520008891842225,0.35,0.65,-0.30254797358086105
german,logistic,moderate_second_group,ALL,equal_opportunity_gap,20,0.09449999999999995,0.05574613510322817,0.06841000566945854,0.12058999433054135,20,0.05599999999999995,0.04988407614290934,0.03265353371417068,0.07934646628582923,20,-0.038500000000000006,0.049685855235935196,-0.061753696045711765,-0.015246303954288248,0.2,0.8,-0.7748684171215585
german,logistic,strong_first_group,ALL,equal_opportunity_gap,20,0.09449999999999995,0.05574613510322817,0.06841000566945854,0.12058999433054135,20,0.08824999999999993,0.05713039102743275,0.06151215395475867,0.11498784604524118,20,-0.006250000000000022,0.05693659908871862,-0.03289714862607502,0.020397148626074977,0.5,0.5,-0.10977122097266946
german,logistic,strong_second_group,ALL,equal_opportunity_gap,20,0.09449999999999995,0.05574613510322817,0.06841000566945854,0.12058999433054135,20,0.06999999999999995,0.057491418123879465,0.04309318807251368,0.09690681192748622,20,-0.024500000000000004,0.05805850044295157,-0.05167221462243803,0.002672214622438024,0.4,0.6,-0.42198816388779736
german,random_forest,equal_access,ALL,equal_opportunity_gap,20,0.02749999999999998,0.02403396719119353,0.016251757111097963,0.038748242888901996,20,0.019999999999999993,0.016543403837370206,0.012257448672888326,0.02774255132711166,20,-0.0074999999999999884,0.021612618146765426,-0.01761501665313857,0.0026150166531385957,0.2,0.45,-0.3470195026382053
german,random_forest,moderate_first_group,ALL,equal_opportunity_gap,20,0.02749999999999998,0.02403396719119353,0.016251757111097963,0.038748242888901996,20,0.022249999999999992,0.017507517182477252,0.014056229737956536,0.030443770262043448,20,-0.005249999999999992,0.014186260959111104,-0.01188937450209631,0.0013893745020963268,0.1,0.45,-0.37007637284637623
german,random_forest,moderate_second_group,ALL,equal_opportunity_gap,20,0.02749999999999998,0.02403396719119353,0.016251757111097963,0.038748242888901996,20,0.018749999999999992,0.02443439120756253,0.007314352902760762,0.030185647097239223,20,-0.00874999999999999,0.02163543633170259,-0.01887569589241752,0.0013756958924175406,0.25,0.5,-0.40442909797841886
german,random_forest,strong_first_group,ALL,equal_opportunity_gap,20,0.02749999999999998,0.02403396719119353,0.016251757111097963,0.038748242888901996,20,0.024999999999999988,0.01777046633277275,0.016683165747462363,0.03331683425253761,20,-0.002499999999999996,0.01534686664402455,-0.009682554682808653,0.004682554682808661,0.15,0.35,-0.1628997018080818
german,random_forest,strong_second_group,ALL,equal_opportunity_gap,20,0.02749999999999998,0.02403396719119353,0.016251757111097963,0.038748242888901996,20,0.019999999999999993,0.025131234497501702,0.008238220204052184,0.031761779795947805,20,-0.007499999999999991,0.020615528128088288,-0.017148364159900176,0.0021483641599001953,0.3,0.45,-0.3638034375544993
adult,gradient_boosting,equal_access,ALL,fpr_gap,20,0.04438509943798073,0.010352691251568766,0.039539890787029186,0.04923030808893228,20,0.04309875327958908,0.010153254426214262,0.03834688393607409,0.047850622623104064,20,-0.0012863461583916638,0.0026979092537190523,-0.0025490065563457667,-2.3685760437560646e-05,0.35,0.65,-0.47679370854243636
adult,gradient_boosting,moderate_first_group,ALL,fpr_gap,20,0.04438509943798073,0.010352691251568766,0.039539890787029186,0.04923030808893228,20,0.0434090456805495,0.010079312208226325,0.03869178236029551,0.04812630900080349,20,-0.0009760537574312389,0.0028696358894671798,-0.00231908469488149,0.00036697718001901206,0.45,0.55,-0.34013156896099034
adult,gradient_boosting,moderate_second_group,ALL,fpr_gap,20,0.04438509943798073,0.010352691251568766,0.039539890787029186,0.04923030808893228,20,0.04357735789209623,0.010053485991753743,0.03887218161321473,0.04828253417097773,20,-0.0008077415458845095,0.0026795810538507037,-0.0020618240822564823,0.00044634099048746303,0.45,0.55,-0.3014432217766807
adult,gradient_boosting,strong_first_group,ALL,fpr_gap,20,0.04438509943798073,0.010352691251568766,0.039539890787029186,0.04923030808893228,20,0.04330772820259831,0.010221220290495827,0.03852404985545477,0.04809140654974185,20,-0.001077371235382429,0.0025135905539857375,-0.0022537678264887553,9.902535572389737e-05,0.35,0.65,-0.42861842939140127
adult,gradient_boosting,strong_second_group,ALL,fpr_gap,20,0.04438509943798073,0.010352691251568766,0.039539890787029186,0.04923030808893228,20,0.0431430796761927,0.010319110037793547,0.038313587517073026,0.04797257183531237,20,-0.0012420197617880344,0.0030522712405407887,-0.002670526674662292,0.00018648715108622333,0.4,0.6,-0.40691657585712415
adult,logistic,equal_access,ALL,fpr_gap,20,0.05409465803445004,0.009812254335097838,0.04950238164616804,0.05868693442273203,20,0.05274731780886462,0.009759444779714127,0.048179757053298834,0.05731487856443041,20,-0.0013473402255854152,0.003147007796049953,-0.0028201852112525612,0.00012550476008173087,0.35,0.65,-0.42813374255906317
adult,logistic,moderate_first_group,ALL,fpr_gap,20,0.05409465803445004,0.009812254335097838,0.04950238164616804,0.05868693442273203,20,0.052873301304363365,0.010364476444460891,0.04802257701335587,0.05772402559537086,20,-0.001221356730086679,0.0030742456446496403,-0.002660147980656372,0.00021743452048301397,0.4,0.6,-0.3972866424035781
adult,logistic,moderate_second_group,ALL,fpr_gap,20,0.05409465803445004,0.009812254335097838,0.04950238164616804,0.05868693442273203,20,0.052730989438979595,0.010163450050292873,0.04797434839651338,0.05748763048144581,20,-0.0013636685954704403,0.0028936934747229694,-0.002717958829404076,-9.378361536804608e-06,0.4,0.6,-0.471255372202473
adult,logistic,strong_first_group,ALL,fpr_gap,20,0.05409465803445004,0.009812254335097838,0.04950238164616804,0.05868693442273203,20,0.052744317475663716,0.00992854487169931,0.04809761544092193,0.057391019510405504,20,-0.0013503405587863258,0.002524009227194848,-0.0025316132390502968,-0.00016906787852235487,0.35,0.65,-0.534998265551936
adult,logistic,strong_second_group,ALL,fpr_gap,20,0.05409465803445004,0.009812254335097838,0.04950238164616804,0.05868693442273203,20,0.05249134783202094,0.009911488807020712,0.04785262828126556,0.05713006738277632,20,-0.00160331020242909,0.0028855106881859474,-0.0029537707743787405,-0.00025284963047943936,0.3,0.7,-0.5556417479212504
adult,random_forest,equal_access,ALL,fpr_gap,20,0.039376212809402164,0.007531533710465764,0.03585134653046699,0.04290107908833734,20,0.03763192507020468,0.007711717209166862,0.03402273031807825,0.041241119822331106,20,-0.0017442877391974747,0.0022509980211611958,-0.002797787241923622,-0.000690788236471327,0.2,0.8,-0.7748952788051184
adult,random_forest,moderate_first_group,ALL,fpr_gap,20,0.039376212809402164,0.007531533710465764,0.03585134653046699,0.04290107908833734,20,0.03779790792522569,0.007624386859126805,0.0342295850350357,0.04136623081541568,20,-0.001578304884176465,0.003023753076565161,-0.002993464885465484,-0.00016314488288744636,0.2,0.8,-0.5219688394560789
adult,random_forest,moderate_second_group,ALL,fpr_gap,20,0.039376212809402164,0.007531533710465764,0.03585134653046699,0.04290107908833734,20,0.03789556171803572,0.007315315828252279,0.03447188852290206,0.041319234913169384,20,-0.0014806510913664358,0.00227692247063966,-0.00254628360992701,-0.00041501857280586184,0.3,0.7,-0.6502861254430301
adult,random_forest,strong_first_group,ALL,fpr_gap,20,0.039376212809402164,0.007531533710465764,0.03585134653046699,0.04290107908833734,20,0.03785456733060312,0.00777463045822764,0.034215928271561565,0.041493206389644675,20,-0.0015216454787990445,0.002947969063007962,-0.0029013374699669724,-0.0001419534876311167,0.25,0.75,-0.5161673838077638
adult,random_forest,strong_second_group,ALL,fpr_gap,20,0.039376212809402164,0.007531533710465764,0.03585134653046699,0.04290107908833734,20,0.03809820429867302,0.007203198592770367,0.03472700358495287,0.04146940501239317,20,-0.0012780085107291397,0.0028803011124974506,-0.002626030926205239,7.001390474695927e-05,0.4,0.6,-0.4437065642838309
german,gradient_boosting,equal_access,ALL,fpr_gap,20,0.12954545454545452,0.10380876098662718,0.08096145889111195,0.1781294501997971,20,0.12499999999999993,0.10026201037158583,0.07807593472947538,0.17192406527052448,20,-0.004545454545454542,0.012962422496345095,-0.010612055015845572,0.0015211459249364883,0.0,0.15,-0.3506639709310652
german,gradient_boosting,moderate_first_group,ALL,fpr_gap,20,0.12954545454545452,0.10380876098662718,0.08096145889111195,0.1781294501997971,20,0.12141148325358848,0.10217852536221737,0.07359046135732866,0.1692325051498483,20,-0.008133971291866026,0.017275869576769538,-0.016219327137225594,-4.861544650645866e-05,0.0,0.2,-0.4708284729588136
german,gradient_boosting,moderate_second_group,ALL,fpr_gap,20,0.12954545454545452,0.10380876098662718,0.08096145889111195,0.1781294501997971,20,0.12236842105263153,0.10178390443540106,0.07473208743519652,0.17000475467006654,20,-0.007177033492822961,0.01554297333300123,-0.014451368931268013,9.730194562209207e-05,0.0,0.2,-0.46175421774574515
german,gradient_boosting,strong_first_group,ALL,fpr_gap,20,0.12954545454545452,0.10380876098662718,0.08096145889111195,0.1781294501997971,20,0.12404306220095689,0.106851625272828,0.07403496222389169,0.17405116217802208,20,-0.005502392344497606,0.013799843572390872,-0.011960917942717721,0.0009561332537225105,0.0,0.15,-0.3987286026564935
german,gradient_boosting,strong_second_group,ALL,fpr_gap,20,0.12954545454545452,0.10380876098662718,0.08096145889111195,0.1781294501997971,20,0.12236842105263154,0.09937903555649345,0.07585760071607618,0.16887924138918692,20,-0.007177033492822961,0.019681917272715656,-0.01638845432241874,0.0020343873367728183,0.0,0.15,-0.36465113603399946
german,logistic,equal_access,ALL,fpr_gap,20,0.19102870813397127,0.11373678448015521,0.13779825445738225,0.2442591618105603,20,0.19066985645933016,0.11486951683551139,0.1369092677218165,0.24443044519684382,20,-0.00035885167464115087,0.016561467515973073,-0.008109857063571901,0.007392153714289599,0.15,0.1,-0.021667866950501123
german,logistic,moderate_first_group,ALL,fpr_gap,20,0.19102870813397127,0.11373678448015521,0.13779825445738225,0.2442591618105603,20,0.1915071770334928,0.10703527371255522,0.14141312694091873,0.24160122712606685,20,0.0004784688995215263,0.02036786110683067,-0.00905398352643499,0.010010921325478041,0.2,0.15,0.023491366963468957
german,logistic,moderate_second_group,ALL,fpr_gap,20,0.19102870813397127,0.11373678448015521,0.13779825445738225,0.2442591618105603,20,0.18767942583732056,0.11226585444127478,0.13513738860976338,0.24022146306487774,20,-0.0033492822966507256,0.026757358481882366,-0.01587211154391363,0.009173546950612179,0.1,0.15,-0.12517238197928068
german,logistic,strong_first_group,ALL,fpr_gap,20,0.19102870813397127,0.11373678448015521,0.13779825445738225,0.2442591618105603,20,0.19198564593301432,0.10795552641945717,0.14146090431606323,0.2425103875499654,20,0.0009569377990430609,0.019050413081330837,-0.007958929971270068,0.009872805569356189,0.15,0.1,0.05023186609957806
german,logistic,strong_second_group,ALL,fpr_gap,20,0.19102870813397127,0.11373678448015521,0.13779825445738225,0.2442591618105603,20,0.190311004784689,0.11095960696771696,0.13838031019310648,0.2422416993762715,20,-0.0007177033492823011,0.024112823842184213,-0.012002852286889985,0.010567445588325383,0.1,0.1,-0.02976438404641409
german,random_forest,equal_access,ALL,fpr_gap,20,0.11339712918660283,0.07994041319022117,0.07598386415841916,0.15081039421478648,20,0.10980861244019136,0.0799422972398275,0.07239446564964952,0.1472227592307332,20,-0.00358851674641148,0.011473281156250523,-0.0089581776164428,0.0017811441236198406,0.0,0.1,-0.3127716210856119
german,random_forest,moderate_first_group,ALL,fpr_gap,20,0.11339712918660283,0.07994041319022117,0.07598386415841916,0.15081039421478648,20,0.11112440191387556,0.07874478942603944,0.07427070603198696,0.14797809779576415,20,-0.002272727272727275,0.010163945352271782,-0.007029600123655149,0.0024841455782006,0.0,0.05,-0.22360679774997894
german,random_forest,moderate_second_group,ALL,fpr_gap,20,0.11339712918660283,0.07994041319022117,0.07598386415841916,0.15081039421478648,20,0.11112440191387556,0.07874478942603944,0.07427070603198696,0.14797809779576415,20,-0.002272727272727275,0.010163945352271782,-0.007029600123655149,0.0024841455782006,0.0,0.05,-0.22360679774997894
german,random_forest,strong_first_group,ALL,fpr_gap,20,0.11339712918660283,0.07994041319022117,0.07598386415841916,0.15081039421478648,20,0.11112440191387556,0.07874478942603944,0.07427070603198696,0.14797809779576415,20,-0.002272727272727275,0.010163945352271782,-0.007029600123655149,0.0024841455782006,0.0,0.05,-0.22360679774997894
german,random_forest,strong_second_group,ALL,fpr_gap,20,0.11339712918660283,0.07994041319022117,0.07598386415841916,0.15081039421478648,20,0.11112440191387556,0.07874478942603944,0.07427070603198696,0.14797809779576415,20,-0.002272727272727275,0.010163945352271782,-0.007029600123655149,0.0024841455782006,0.0,0.05,-0.22360679774997894
adult,gradient_boosting,equal_access,ALL,equalized_odds_gap,20,0.05391356456553119,0.01870988515470769,0.045157068770666,0.06267006036039638,20,0.04850726934997233,0.011293121907387998,0.04322192560385846,0.0537926130960862,20,-0.005406295215558869,0.008878392415101903,-0.009561510771675812,-0.001251079659441925,0.2,0.8,-0.6089272655219551
adult,gradient_boosting,moderate_first_group,ALL,equalized_odds_gap,20,0.05391356456553119,0.01870988515470769,0.045157068770666,0.06267006036039638,20,0.07857341496295792,0.023846045318366975,0.06741312221782014,0.08973370770809569,20,0.024659850397426707,0.024532776111958775,0.013178157747555787,0.03614154304729762,0.85,0.15,1.0051797760224122
adult,gradient_boosting,moderate_second_group,ALL,equalized_odds_gap,20,0.05391356456553119,0.01870988515470769,0.045157068770666,0.06267006036039638,20,0.08408441294576723,0.029718318380499664,0.07017581180911979,0.09799301408241466,20,0.030170848380236037,0.038123903791751595,0.01232831217672968,0.048013384583742394,0.9,0.1,0.7913892697096706
adult,gradient_boosting,strong_first_group,ALL,equalized_odds_gap,20,0.05391356456553119,0.01870988515470769,0.045157068770666,0.06267006036039638,20,0.13608856729542554,0.026795785927477733,0.12354775345002209,0.148629381140829,20,0.08217500272989431,0.030912819768063968,0.06770735773537821,0.0966426477244104,1.0,0.0,2.658282335498533
adult,gradient_boosting,strong_second_group,ALL,equalized_odds_gap,20,0.05391356456553119,0.01870988515470769,0.045157068770666,0.06267006036039638,20,0.1406940552669947,0.03693032047292101,0.12341013325196354,0.15797797728202584,20,0.0867804907014635,0.042649734287821546,0.06681980062478184,0.10674118077814516,0.95,0.05,2.034725236875469
adult,logistic,equal_access,ALL,equalized_odds_gap,20,0.060533348563866406,0.012904134405009498,0.05449402775994316,0.06657266936778966,20,0.05496711940683756,0.009066378052246046,0.050723923864337134,0.05921031494933798,20,-0.005566229157028838,0.010291116412561446,-0.010382619896251971,-0.000749838417805705,0.35,0.65,-0.540877095728374
adult,logistic,moderate_first_group,ALL,equalized_odds_gap,20,0.060533348563866406,0.012904134405009498,0.05449402775994316,0.06657266936778966,20,0.09860700204565068,0.0271848832542834,0.0858840850458027,0.11132991904549866,20,0.03807365348178428,0.02951917673887711,0.02425825350233431,0.05188905346123425,0.9,0.1,1.289793879367944
adult,logistic,moderate_second_group,ALL,equalized_odds_gap,20,0.060533348563866406,0.012904134405009498,0.05449402775994316,0.06657266936778966,20,0.09989895394455237,0.03711117904542604,0.08253038751206432,0.11726752037704041,20,0.03936560538068595,0.03908311878390178,0.02107414274199935,0.05765706801937255,0.85,0.15,1.0072278417274245
adult,logistic,strong_first_group,ALL,equalized_odds_gap,20,0.060533348563866406,0.012904134405009498,0.05449402775994316,0.06657266936778966,20,0.159867072170585,0.02793608191120772,0.14679258337721313,0.17294156096395685,20,0.09933372360671858,0.03056584797016524,0.0850284664122405,0.11363898080119665,1.0,0.0,3.2498271830598777
adult,logistic,strong_second_group,ALL,equalized_odds_gap,20,0.060533348563866406,0.012904134405009498,0.05449402775994316,0.06657266936778966,20,0.1630760775469291,0.037085642854762485,0.1457194624195567,0.1804326926743015,20,0.10254272898306267,0.04159483804510013,0.08307574554525288,0.12200971242087247,0.95,0.05,2.465275351520264
adult,random_forest,equal_access,ALL,equalized_odds_gap,20,0.04986073141928774,0.017136152376089044,0.04184076523667131,0.057880697601904174,20,0.04219590365639604,0.011927319232929477,0.03661374642541578,0.0477780608873763,20,-0.007664827762891696,0.014156248929925999,-0.01429015620296349,-0.001039499322819902,0.1,0.9,-0.541444827710568
adult,random_forest,moderate_first_group,ALL,equalized_odds_gap,20,0.04986073141928774,0.017136152376089044,0.04184076523667131,0.057880697601904174,20,0.10824904319300162,0.025152961164733846,0.09647709500378568,0.12002099138221756,20,0.05838831177371388,0.03684113446873778,0.04114613009349151,0.07563049345393626,0.9,0.1,1.5848673667544182
adult,random_forest,moderate_second_group,ALL,equalized_odds_gap,20,0.04986073141928774,0.017136152376089044,0.04184076523667131,0.057880697601904174,20,0.11780785834700198,0.03534233950762486,0.10126713430085002,0.13434858239315395,20,0.06794712692771422,0.03385905685148327,0.05210060053342931,0.08379365332199913,0.95,0.05,2.0067637213213647
adult,random_forest,strong_first_group,ALL,equalized_odds_gap,20,0.04986073141928774,0.017136152376089044,0.04184076523667131,0.057880697601904174,20,0.176168956169127,0.026943896001695795,0.16355882467525357,0.18877908766300044,20,0.1263082247498393,0.0352385650644595,0.10981606863810693,0.14280038086157168,1.0,0.0,3.5843748041043186
adult,random_forest,strong_second_group,ALL,equalized_odds_gap,20,0.04986073141928774,0.017136152376089044,0.04184076523667131,0.057880697601904174,20,0.19077806064333877,0.04120591654498172,0.17149309807055083,0.21006302321612672,20,0.14091732922405104,0.037896827768671995,0.12318106787069848,0.1586535905774036,1.0,0.0,3.7184465698351286
german,gradient_boosting,equal_access,ALL,equalized_odds_gap,20,0.15279066985645928,0.08838564013454413,0.1114249169528469,0.19415642276007167,20,0.13784569377990424,0.08844209027648452,0.09645352139661931,0.17923786616318918,20,-0.014944976076555028,0.026388722564931213,-0.027295278403960982,-0.0025946737491490766,0.05,0.35,-0.5663395050587203
german,gradient_boosting,moderate_first_group,ALL,equalized_odds_gap,20,0.15279066985645928,0.08838564013454413,0.1114249169528469,0.19415642276007167,20,0.1442870813397129,0.08447039818090907,0.10475371807502136,0.18382044460440444,20,-0.008503588516746412,0.027582527477414784,-0.021412608741649533,0.00440543170815671,0.15,0.4,-0.3082962039540919
german,gradient_boosting,moderate_second_group,ALL,equalized_odds_gap,20,0.15279066985645928,0.08838564013454413,0.1114249169528469,0.19415642276007167,20,0.14158014354066978,0.08647842939760693,0.10110699273802273,0.18205329434331682,20,-0.011210526315789471,0.03592704129556312,-0.02802489922215602,0.005603846590577078,0.15,0.35,-0.3120358902800587
german,gradient_boosting,strong_first_group,ALL,equalized_odds_gap,20,0.15279066985645928,0.08838564013454413,0.1114249169528469,0.19415642276007167,20,0.1549186602870813,0.08590917572754764,0.1147119284029294,0.19512539217123318,20,0.002127990430622009,0.026659499046537874,-0.010349039191095557,0.014605020052339573,0.2,0.25,0.07982109592184403
german,gradient_boosting,strong_second_group,ALL,equalized_odds_gap,20,0.15279066985645928,0.08838564013454413,0.1114249169528469,0.19415642276007167,20,0.13939593301435402,0.08757461652833899,0.09840975084239226,0.18038211518631578,20,-0.013394736842105265,0.053974413867903456,-0.03865554011035463,0.0118660664261441,0.2,0.3,-0.2481682686705489
german,logistic,equal_access,ALL,equalized_odds_gap,20,0.21108971291866027,0.09114163139824868,0.16843411639966674,0.25374530943765383,20,0.19998086124401912,0.10136312138850365,0.15254146015450937,0.24742026233352887,20,-0.011108851674641162,0.02944290254862999,-0.024888554234217465,0.0026708508849351397,0.15,0.3,-0.3773015128618177
german,logistic,moderate_first_group,ALL,equalized_odds_gap,20,0.21108971291866027,0.09114163139824868,0.16843411639966674,0.25374530943765383,20,0.20448086124401907,0.08988072314474144,0.1624153879528407,0.24654633453519745,20,-0.006608851674641164,0.024503215147058145,-0.018076709367070915,0.004859006017788588,0.15,0.35,-0.26971365328907143
german,logistic,moderate_second_group,ALL,equalized_odds_gap,20,0.21108971291866027,0.09114163139824868,0.16843411639966674,0.25374530943765383,20,0.19441746411483252,0.103189437709074,0.14612332067661604,0.242711607553049,20,-0.016672248803827762,0.03588225363810125,-0.03346566044127235,0.00012116283361682939,0.05,0.35,-0.4646377279414937
german,logistic,strong_first_group,ALL,equalized_odds_gap,20,0.21108971291866027,0.09114163139824868,0.16843411639966674,0.25374530943765383,20,0.20841028708133966,0.08821721714500508,0.16712335856320384,0.24969721559947547,20,-0.0026794258373205883,0.026551895201376855,-0.015106095309316619,0.009747243634675442,0.3,0.25,-0.1009127904806451
german,logistic,strong_second_group,ALL,equalized_odds_gap,20,0.21108971291866027,0.09114163139824868,0.16843411639966674,0.25374530943765383,20,0.19607177033492823,0.10254358465886203,0.1480798954286412,0.24406364524121527,20,-0.015017942583732072,0.03764350346012486,-0.03263564451118821,0.0025997593437240667,0.05,0.3,-0.3989517766230322
german,random_forest,equal_access,ALL,equalized_odds_gap,20,0.11446052631578944,0.07885968531632902,0.07755305750200688,0.151367995129572,20,0.11282894736842101,0.07695079166658399,0.0768148682830426,0.14884302645379943,20,-0.0016315789473684305,0.014372135861578338,-0.00835794558161131,0.00509478768687445,0.05,0.15,-0.11352376314018867
german,random_forest,moderate_first_group,ALL,equalized_odds_gap,20,0.11446052631578944,0.07885968531632902,0.07755305750200688,0.151367995129572,20,0.11195933014354065,0.07786050774300375,0.07551949082864598,0.14839916945843531,20,-0.0025011961722488005,0.010348651417860271,-0.007344514122825229,0.0023421217783276284,0.05,0.15,-0.24169295797635032
german,random_forest,moderate_second_group,ALL,equalized_odds_gap,20,0.11446052631578944,0.07885968531632902,0.07755305750200688,0.151367995129572,20,0.11383014354066981,0.07618229186800403,0.07817573343235762,0.149484553648982,20,-0.0006303827751196305,0.015455881077029908,-0.007863957783082494,0.006603192232843233,0.05,0.15,-0.04078594885518933
german,random_forest,strong_first_group,ALL,equalized_odds_gap,20,0.11446052631578944,0.07885968531632902,0.07755305750200688,0.151367995129572,20,0.1128827751196172,0.07683431940009482,0.07692320673290409,0.1488423435063303,20,-0.0015777511961722508,0.011358352029828411,-0.006893623579320767,0.0037381211869762657,0.1,0.15,-0.13890669984773185
german,random_forest,strong_second_group,ALL,equalized_odds_gap,20,0.11446052631578944,0.07885968531632902,0.07755305750200688,0.151367995129572,20,0.11163397129186599,0.07811998858482704,0.07507269120480806,0.14819525137892392,20,-0.002826555023923445,0.010389565448737224,-0.007689021330374997,0.002035911282528107,0.1,0.15,-0.27205709785167115
adult,gradient_boosting,equal_access,ALL,demographic_parity_gap,20,0.1514839411706579,0.013952887383825463,0.14495378886387297,0.1580140934774428,20,0.17474606478187213,0.011828042029896084,0.16921037071214057,0.1802817588516037,20,0.02326212361121421,0.005215098588981503,0.020821382340670724,0.025702864881757697,1.0,0.0,4.460533816247039
adult,gradient_boosting,moderate_first_group,ALL,demographic_parity_gap,20,0.1514839411706579,0.013952887383825463,0.14495378886387297,0.1580140934774428,20,0.15870371718720963,0.011287843981114197,0.15342084358662791,0.16398659078779135,20,0.007219776016551729,0.004428861811920898,0.005147004884529766,0.009292547148573693,0.95,0.05,1.6301651131039352
adult,gradient_boosting,moderate_second_group,ALL,demographic_parity_gap,20,0.1514839411706579,0.013952887383825463,0.14495378886387297,0.1580140934774428,20,0.1927272753061723,0.011257851089549898,0.18745843881093288,0.19799611180141174,20,0.041243334135514384,0.004420100641161243,0.039174663357625046,0.04331200491340372,1.0,0.0,9.330858612458876
adult,gradient_boosting,strong_first_group,ALL,demographic_parity_gap,20,0.1514839411706579,0.013952887383825463,0.14495378886387297,0.1580140934774428,20,0.14670428407232483,0.01205257922309237,0.14106350336140033,0.15234506478324933,20,-0.004779657098333053,0.00423546300650793,-0.006761914803237347,-0.0027973993934287595,0.1,0.9,-1.1284851481382203
adult,gradient_boosting,strong_second_group,ALL,demographic_parity_gap,20,0.1514839411706579,0.013952887383825463,0.14495378886387297,0.1580140934774428,20,0.2043574884389005,0.012400223948517662,0.19855400498816106,0.21016097188963995,20,0.052873547268242574,0.004710894716797838,0.05066878067365375,0.0550783138628314,1.0,0.0,11.22367415253606
adult,logistic,equal_access,ALL,demographic_parity_gap,20,0.14642728575501388,0.013826884021884525,0.13995610483687465,0.1528984666731531,20,0.17439159610546615,0.011796503822020505,0.16887066237137302,0.17991252983955927,20,0.027964310350452236,0.00479316657568468,0.02572103934066142,0.03020758136024305,1.0,0.0,5.834203737527664
adult,logistic,moderate_first_group,ALL,demographic_parity_gap,20,0.14642728575501388,0.013826884021884525,0.13995610483687465,0.1528984666731531,20,0.1544405780053303,0.012544683810843974,0.1485694852578727,0.16031167075278788,20,0.00801329225031642,0.003915514447828812,0.006180775080187239,0.009845809420445602,1.0,0.0,2.0465490185484727
adult,logistic,moderate_second_group,ALL,demographic_parity_gap,20,0.14642728575501388,0.013826884021884525,0.13995610483687465,0.1528984666731531,20,0.194582105436849,0.012632985437130066,0.18866968625617922,0.2004945246175188,20,0.048154819681835125,0.003743625402847497,0.04640274906106296,0.04990689030260729,1.0,0.0,12.863151223732839
adult,logistic,strong_first_group,ALL,demographic_parity_gap,20,0.14642728575501388,0.013826884021884525,0.13995610483687465,0.1528984666731531,20,0.14118020374768264,0.011329864049577957,0.13587766414970115,0.14648274334566413,20,-0.005247082007331211,0.003928814733555997,-0.007085823902790216,-0.003408340111872207,0.15,0.85,-1.335538161806383
adult,logistic,strong_second_group,ALL,demographic_parity_gap,20,0.14642728575501388,0.013826884021884525,0.13995610483687465,0.1528984666731531,20,0.2076075722423923,0.011760286025162528,0.2021035889589975,0.2131115555257871,20,0.06118028648737841,0.004748359634468802,0.05895798577158423,0.06340258720317259,1.0,0.0,12.884509851205202
adult,random_forest,equal_access,ALL,demographic_parity_gap,20,0.13051659120018416,0.011205468416483733,0.12527227055058648,0.13576091184978184,20,0.16212015742290903,0.009942275016607214,0.1574670294825481,0.16677328536326996,20,0.031603566222724866,0.002964964750782785,0.030215920004831306,0.03299121244061842,1.0,0.0,10.659002342061962
adult,random_forest,moderate_first_group,ALL,demographic_parity_gap,20,0.13051659120018416,0.011205468416483733,0.12527227055058648,0.13576091184978184,20,0.1384582852458101,0.008537419783773936,0.13446264979334957,0.14245392069827065,20,0.007941694045625985,0.004143114880497875,0.006002656594100278,0.009880731497151692,0.95,0.05,1.916841380143347
adult,random_forest,moderate_second_group,ALL,demographic_parity_gap,20,0.13051659120018416,0.011205468416483733,0.12527227055058648,0.13576091184978184,20,0.1845023680100914,0.008951911187371707,0.18031274460940988,0.18869199141077292,20,0.0539857768099072,0.004036376228353879,0.05209669458530673,0.05587485903450767,1.0,0.0,13.374812890502966
adult,random_forest,strong_first_group,ALL,demographic_parity_gap,20,0.13051659120018416,0.011205468416483733,0.12527227055058648,0.13576091184978184,20,0.12432550836451042,0.008748135303713106,0.12023125501306207,0.12841976171595876,20,-0.006191082835673758,0.005076514414112371,-0.008566964715876674,-0.0038152009554708426,0.1,0.9,-1.2195538770584324
adult,random_forest,strong_second_group,ALL,demographic_parity_gap,20,0.13051659120018416,0.011205468416483733,0.12527227055058648,0.13576091184978184,20,0.2003809335590787,0.009577420598685198,0.19589856274255124,0.20486330437560618,20,0.06986434235889455,0.0039966548348103,0.06799385031871555,0.07173483439907355,1.0,0.0,17.480704550812337
german,gradient_boosting,equal_access,ALL,demographic_parity_gap,20,0.07738429172510515,0.04623864242882815,0.0557439409351147,0.0990246425150956,20,0.05656848994857405,0.04727067575865115,0.03444513269232093,0.07869184720482716,20,-0.020815801776531105,0.032908590847197376,-0.03621749638799785,-0.005414107165064361,0.2,0.8,-0.6325339748877111
german,gradient_boosting,moderate_first_group,ALL,demographic_parity_gap,20,0.07738429172510515,0.04623864242882815,0.0557439409351147,0.0990246425150956,20,0.05598410472183261,0.035705788853601886,0.0392732811457595,0.07269492829790572,20,-0.021400187003272543,0.03195139591127355,-0.03635390059497476,-0.006446473411570331,0.2,0.8,-0.669773147398603
german,gradient_boosting,moderate_second_group,ALL,demographic_parity_gap,20,0.07738429172510515,0.04623864242882815,0.0557439409351147,0.0990246425150956,20,0.06577840112201958,0.05043802202625616,0.04217268018240698,0.08938412206163217,20,-0.011605890603085554,0.040100223898570306,-0.030373373088280402,0.007161591882109294,0.35,0.65,-0.2894220898227788
german,gradient_boosting,strong_first_group,ALL,demographic_parity_gap,20,0.07738429172510515,0.04623864242882815,0.0557439409351147,0.0990246425150956,20,0.06403693314633001,0.03745263444239106,0.0465085606689125,0.08156530562374752,20,-0.013347358578775129,0.03402495982792698,-0.029271529956103635,0.0025768127985533774,0.35,0.6,-0.3922813912573644
german,gradient_boosting,strong_second_group,ALL,demographic_parity_gap,20,0.07738429172510515,0.04623864242882815,0.0557439409351147,0.0990246425150956,20,0.06628097241701728,0.05449394622421811,0.04077702052141137,0.09178492431262318,20,-0.011103319308087884,0.05203047037301601,-0.03545432901546365,0.013247690399287885,0.4,0.6,-0.21340032539560272
german,logistic,equal_access,ALL,demographic_parity_gap,20,0.1178821879382889,0.062215351668790185,0.08876450705681414,0.14699986881976368,20,0.09879616643291252,0.05448327436080242,0.07329720912312851,0.12429512374269652,20,-0.01908602150537637,0.02954555880857657,-0.03291376867351686,-0.005258274337235882,0.25,0.75,-0.6459861405578162
german,logistic,moderate_first_group,ALL,demographic_parity_gap,20,0.1178821879382889,0.062215351668790185,0.08876450705681414,0.14699986881976368,20,0.10556334735857875,0.050839253497813396,0.08176984430996831,0.1293568504071892,20,-0.012318840579710161,0.027235490459273905,-0.025065442480562344,0.0004277613211420214,0.35,0.65,-0.4523083804248326
german,logistic,moderate_second_group,ALL,demographic_parity_gap,20,0.1178821879382889,0.062215351668790185,0.08876450705681414,0.14699986881976368,20,0.08872136512388962,0.07207205330939453,0.05499060587482927,0.12245212437294997,20,-0.029160822814399273,0.04225061159213329,-0.048934717719569684,-0.009386927909228866,0.25,0.75,-0.6901869988511309
german,logistic,strong_first_group,ALL,demographic_parity_gap,20,0.1178821879382889,0.062215351668790185,0.08876450705681414,0.14699986881976368,20,0.10898784478728377,0.04897180498630348,0.08606833454530738,0.13190735502926015,20,-0.008894343151005128,0.035766946918339995,-0.025633789582444427,0.007845103280434172,0.45,0.55,-0.2486749336283
german,logistic,strong_second_group,ALL,demographic_parity_gap,20,0.1178821879382889,0.062215351668790185,0.08876450705681414,0.14699986881976368,20,0.09481065918653571,0.08328797559463895,0.05583068672669486,0.13379063164637656,20,-0.02307152875175318,0.051463750830976276,-0.04715730554905466,0.0010142480455483,0.4,0.6,-0.4483063977891467
german,random_forest,equal_access,ALL,demographic_parity_gap,20,0.0503740065451145,0.03999065121709844,0.03165780565339854,0.06909020743683046,20,0.0432094436652641,0.0313624361095036,0.02853137174559244,0.05788751558493577,20,-0.0071645628798504,0.017742515766763767,-0.015468315864828228,0.0011391901051274276,0.2,0.5,-0.40380760958778145
german,random_forest,moderate_first_group,ALL,demographic_parity_gap,20,0.0503740065451145,0.03999065121709844,0.03165780565339854,0.06909020743683046,20,0.04381720430107522,0.03650098972605786,0.026734215260695037,0.0609001933414554,20,-0.00655680224403928,0.00788496405455303,-0.010247079015673238,-0.002866525472405321,0.0,0.6,-0.8315576581802137
german,random_forest,moderate_second_group,ALL,demographic_parity_gap,20,0.0503740065451145,0.03999065121709844,0.03165780565339854,0.06909020743683046,20,0.0429289387564282,0.038007889662257564,0.025140698836873313,0.060717178675983086,20,-0.007445067788686305,0.017489146804142014,-0.015630240449017486,0.0007401048716448762,0.25,0.55,-0.4256964546105282
german,random_forest,strong_first_group,ALL,demographic_parity_gap,20,0.0503740065451145,0.03999065121709844,0.03165780565339854,0.06909020743683046,20,0.04384057971014487,0.0337455317204828,0.02804718471265889,0.05963397470763085,20,-0.006533426834969626,0.012399634353606383,-0.012336634346796636,-0.0007302193231426167,0.05,0.5,-0.5269047980490977
german,random_forest,strong_second_group,ALL,demographic_parity_gap,20,0.0503740065451145,0.03999065121709844,0.03165780565339854,0.06909020743683046,20,0.043735390369331426,0.04263210399384325,0.023782951524221028,0.06368782921444183,20,-0.006638616175783081,0.017852093008907614,-0.014993652888699992,0.0017164205371338302,0.3,0.5,-0.3718676668596017
adult,gradient_boosting,equal_access,Female_minus_Male,signed_equal_opportunity_gap,20,-0.002587507973391654,0.04482413409538574,-0.023565848485330037,0.018390832538546727,20,0.002438291643885545,0.03442019387217393,-0.01367085496005814,0.01854743824782923,20,0.005025799617277198,0.02325454910012307,-0.00585766437637954,0.015909263610933935,0.6,0.4,0.21612113808951902
adult,gradient_boosting,moderate_first_group,Female_minus_Male,signed_equal_opportunity_gap,20,-0.002587507973391654,0.04482413409538574,-0.023565848485330037,0.018390832538546727,20,0.07520930153089118,0.02856645980255232,0.061839786802881457,0.0885788162589009,20,0.07779680950428283,0.02437043462577957,0.0663910950087034,0.08920252399986227,1.0,0.0,3.192261882026006
adult,gradient_boosting,moderate_second_group,Female_minus_Male,signed_equal_opportunity_gap,20,-0.002587507973391654,0.04482413409538574,-0.023565848485330037,0.018390832538546727,20,-0.08373143338800795,0.030389640110466593,-0.09795422276562264,-0.06950864401039326,20,-0.08114392541461632,0.02339648008157778,-0.09209381515231117,-0.07019403567692147,0.0,1.0,-3.468210821956439
adult,gradient_boosting,strong_first_group,Female_minus_Male,signed_equal_opportunity_gap,20,-0.002587507973391654,0.04482413409538574,-0.023565848485330037,0.018390832538546727,20,0.13608856729542554,0.026795785927477733,0.12354775345002209,0.148629381140829,20,0.13867607526881717,0.02562970419038555,0.126681004475436,0.15067114606219834,1.0,0.0,5.410755982148191
adult,gradient_boosting,strong_second_group,Female_minus_Male,signed_equal_opportunity_gap,20,-0.002587507973391654,0.04482413409538574,-0.023565848485330037,0.018390832538546727,20,-0.1406940552669947,0.03693032047292101,-0.15797797728202584,-0.12341013325196354,20,-0.13810654729360303,0.019989991230577275,-0.14746215117372086,-0.1287509434134852,0.0,1.0,-6.908784786376055
adult,logistic,equal_access,Female_minus_Male,signed_equal_opportunity_gap,20,-0.0034254260069254633,0.048164370253077196,-0.02596704516150813,0.019116193147657206,20,-0.002735300482959699,0.03646409989296665,-0.01980102455000277,0.01433042358408337,20,0.0006901255239657632,0.02960276414637682,-0.013164394566389362,0.014544645614320888,0.45,0.55,0.023312874451632246
adult,logistic,moderate_first_group,Female_minus_Male,signed_equal_opportunity_gap,20,-0.0034254260069254633,0.048164370253077196,-0.02596704516150813,0.019116193147657206,20,0.09538981342263528,0.03308070507518861,0.07990756687291879,0.11087205997235176,20,0.09881523942956073,0.023882018873107935,0.08763811054255405,0.10999236831656742,1.0,0.0,4.137641794631963
adult,logistic,moderate_second_group,Female_minus_Male,signed_equal_opportunity_gap,20,-0.0034254260069254633,0.048164370253077196,-0.02596704516150813,0.019116193147657206,20,-0.09803854565336245,0.040361746816501676,-0.11692842463175815,-0.07914866667496676,20,-0.09461311964643698,0.016236731428960694,-0.10221214386836151,-0.08701409542451245,0.0,1.0,-5.8271038146064305
adult,logistic,strong_first_group,Female_minus_Male,signed_equal_opportunity_gap,20,-0.0034254260069254633,0.048164370253077196,-0.02596704516150813,0.019116193147657206,20,0.159867072170585,0.02793608191120772,0.14679258337721313,0.17294156096395685,20,0.16329249817751043,0.029851990355427148,0.14932133663086233,0.17726365972415853,1.0,0.0,5.470070713319239
adult,logistic,strong_second_group,Female_minus_Male,signed_equal_opportunity_gap,20,-0.0034254260069254633,0.048164370253077196,-0.02596704516150813,0.019116193147657206,20,-0.1630760775469291,0.037085642854762485,-0.1804326926743015,-0.1457194624195567,20,-0.15965065154000363,0.02403997803919508,-0.17090170759236517,-0.1483995954876421,0.0,1.0,-6.6410481440418625
adult,random_forest,equal_access,Female_minus_Male,signed_equal_opportunity_gap,20,-0.010532138463641334,0.04694057786030838,-0.0325010051479411,0.011436728220658433,20,-0.00957817910515763,0.03628702872119462,-0.02656103131284973,0.007404673102534473,20,0.0009539593584837001,0.023014375424451994,-0.009817099894916151,0.011725018611883551,0.4,0.6,0.04145058646562924
adult,random_forest,moderate_first_group,Female_minus_Male,signed_equal_opportunity_gap,20,-0.010532138463641334,0.04694057786030838,-0.0325010051479411,0.011436728220658433,20,0.10824904319300162,0.025152961164733846,0.09647709500378568,0.12002099138221756,20,0.1187811816566429,0.0301456073618782,0.10467260312100583,0.13288976019228,1.0,0.0,3.940248415988204
adult,random_forest,moderate_second_group,Female_minus_Male,signed_equal_opportunity_gap,20,-0.010532138463641334,0.04694057786030838,-0.0325010051479411,0.011436728220658433,20,-0.11780785834700198,0.03534233950762486,-0.13434858239315395,-0.10126713430085002,20,-0.10727571988336064,0.020423745499228138,-0.1168343270100532,-0.09771711275666808,0.0,1.0,-5.252499835909865
adult,random_forest,strong_first_group,Female_minus_Male,signed_equal_opportunity_gap,20,-0.010532138463641334,0.04694057786030838,-0.0325010051479411,0.011436728220658433,20,0.176168956169127,0.026943896001695795,0.16355882467525357,0.18877908766300044,20,0.18670109463276835,0.03186175689623458,0.17178933339148167,0.20161285587405503,1.0,0.0,5.8597237823640755
adult,random_forest,strong_second_group,Female_minus_Male,signed_equal_opportunity_gap,20,-0.010532138463641334,0.04694057786030838,-0.0325010051479411,0.011436728220658433,20,-0.19077806064333877,0.04120591654498172,-0.21006302321612672,-0.17149309807055083,20,-0.18024592217969743,0.020659062390582145,-0.1899146610016176,-0.17057718335777725,0.0,1.0,-8.724787155000133
german,gradient_boosting,equal_access,Female_minus_Male,signed_equal_opportunity_gap,20,0.03974999999999997,0.0781778505447001,0.0031616396821377638,0.07633836031786218,20,0.014499999999999985,0.05394685493978986,-0.010747905292866726,0.039747905292866696,20,-0.025249999999999995,0.042626745989861936,-0.04519993122205748,-0.005300068777942507,0.25,0.7,-0.5923511028968829
german,gradient_boosting,moderate_first_group,Female_minus_Male,signed_equal_opportunity_gap,20,0.03974999999999997,0.0781778505447001,0.0031616396821377638,0.07633836031786218,20,0.06324999999999993,0.04085516781072014,0.044129192887879955,0.08237080711211991,20,0.02349999999999996,0.05726439143408217,-0.0033005601660193555,0.050300560166019276,0.5,0.5,0.4103771892354978
german,gradient_boosting,moderate_second_group,Female_minus_Male,signed_equal_opportunity_gap,20,0.03974999999999997,0.0781778505447001,0.0031616396821377638,0.07633836031786218,20,-0.01050000000000002,0.06830465808266276,-0.0424675640082723,0.021467564008272256,20,-0.05025,0.03221943676204099,-0.06532916057137042,-0.03517083942862958,0.1,0.9,-1.5596175802552061
german,gradient_boosting,strong_first_group,Female_minus_Male,signed_equal_opportunity_gap,20,0.03974999999999997,0.0781778505447001,0.0031616396821377638,0.07633836031786218,20,0.07699999999999993,0.05011565571124874,0.05354515113995531,0.10045484886004455,20,0.037249999999999964,0.05820732003161761,0.010008135666108742,0.06449186433389119,0.65,0.3,0.639953874869452
german,gradient_boosting,strong_second_group,Female_minus_Male,signed_equal_opportunity_gap,20,0.03974999999999997,0.0781778505447001,0.0031616396821377638,0.07633836031786218,20,-0.028499999999999987,0.0650323805985586,-0.05893609100390802,0.0019360910039080519,20,-0.06824999999999996,0.04478824446331049,-0.08921154364708601,-0.04728845635291391,0.1,0.9,-1.5238373554897604
german,logistic,equal_access,Female_minus_Male,signed_equal_opportunity_gap,20,0.02199999999999997,0.10953730438819266,-0.02926503649407696,0.0732650364940769,20,0.016,0.06980423754291253,-0.016669388799240563,0.048669388799240564,20,-0.005999999999999974,0.04985769222180478,-0.029334118230654474,0.017334118230654526,0.35,0.65,-0.12034251351441277
german,logistic,moderate_first_group,Female_minus_Male,signed_equal_opportunity_gap,20,0.02199999999999997,0.10953730438819266,-0.02926503649407696,0.0732650364940769,20,0.050249999999999975,0.08084219520965386,0.012414687995271387,0.08808531200472856,20,0.028249999999999997,0.04017314499696744,0.009448389390223324,0.04705161060977667,0.7,0.3,0.7032060846152949
german,logistic,moderate_second_group,Female_minus_Male,signed_equal_opportunity_gap,20,0.02199999999999997,0.10953730438819266,-0.02926503649407696,0.0732650364940769,20,-0.02749999999999995,0.07066414262291429,-0.060571836764835005,0.005571836764835105,20,-0.049499999999999926,0.05672881009449114,-0.07604990038328097,-0.022950099616718886,0.2,0.8,-0.8725725062371228
german,logistic,strong_first_group,Female_minus_Male,signed_equal_opportunity_gap,20,0.02199999999999997,0.10953730438819266,-0.02926503649407696,0.0732650364940769,20,0.06624999999999995,0.08271503077306729,0.027538173970738322,0.10496182602926157,20,0.044249999999999984,0.04066147148293942,0.025219845559752013,0.06328015444024795,0.85,0.15,1.0882537789751712
german,logistic,strong_second_group,Female_minus_Male,signed_equal_opportunity_gap,20,0.02199999999999997,0.10953730438819266,-0.02926503649407696,0.0732650364940769,20,-0.047999999999999966,0.07770389138802573,-0.08436654060448395,-0.011633459395515987,20,-0.06999999999999994,0.05696259160278138,-0.09665931349711539,-0.04334068650288449,0.05,0.95,-1.2288766720470274
german,random_forest,equal_access,Female_minus_Male,signed_equal_opportunity_gap,20,0.008500000000000011,0.036022653691078425,-0.008359120884900019,0.02535912088490004,20,0.014000000000000002,0.022100250058123282,0.003656764587315866,0.024343235412684138,20,0.00549999999999999,0.02809289102808375,-0.007647877719127825,0.018647877719127806,0.3,0.35,0.1957790671847116
german,random_forest,moderate_first_group,Female_minus_Male,signed_equal_opportunity_gap,20,0.008500000000000011,0.036022653691078425,-0.008359120884900019,0.02535912088490004,20,0.008250000000000009,0.027495214894691443,-0.00461815667832686,0.02111815667832688,20,-0.00025000000000000055,0.015683967677385172,-0.007590322822840468,0.007090322822840467,0.15,0.4,-0.015939844122509726
german,random_forest,moderate_second_group,Female_minus_Male,signed_equal_opportunity_gap,20,0.008500000000000011,0.036022653691078425,-0.008359120884900019,0.02535912088490004,20,0.006749999999999999,0.030317399902400986,-0.007438979919517218,0.020938979919517216,20,-0.0017500000000000098,0.02834352241973274,-0.015015176821120623,0.011515176821120602,0.25,0.5,-0.06174250236384385
german,random_forest,strong_first_group,Female_minus_Male,signed_equal_opportunity_gap,20,0.008500000000000011,0.036022653691078425,-0.008359120884900019,0.02535912088490004,20,0.013500000000000007,0.027961439613567042,0.0004136434366102861,0.02658635656338973,20,0.004999999999999994,0.020900768054383956,-0.0047818605546927195,0.014781860554692708,0.2,0.3,0.23922565845379254
german,random_forest,strong_second_group,Female_minus_Male,signed_equal_opportunity_gap,20,0.008500000000000011,0.036022653691078425,-0.008359120884900019,0.02535912088490004,20,1.0581813203458523e-17,0.03244428422615248,-0.015184392423821573,0.015184392423821594,20,-0.008499999999999997,0.026011131220468282,-0.020673584138457834,0.0036735841384578395,0.2,0.55,-0.3267831732482018
adult,gradient_boosting,equal_access,Female_minus_Male,signed_fpr_gap,20,-0.04438509943798073,0.010352691251568766,-0.04923030808893228,-0.039539890787029186,20,-0.04309875327958908,0.010153254426214262,-0.047850622623104064,-0.03834688393607409,20,0.0012863461583916638,0.0026979092537190523,2.3685760437560646e-05,0.0025490065563457667,0.65,0.35,0.47679370854243636
adult,gradient_boosting,moderate_first_group,Female_minus_Male,signed_fpr_gap,20,-0.04438509943798073,0.010352691251568766,-0.04923030808893228,-0.039539890787029186,20,-0.0434090456805495,0.010079312208226325,-0.04812630900080349,-0.03869178236029551,20,0.0009760537574312389,0.0028696358894671798,-0.00036697718001901206,0.00231908469488149,0.55,0.45,0.34013156896099034
adult,gradient_boosting,moderate_second_group,Female_minus_Male,signed_fpr_gap,20,-0.04438509943798073,0.010352691251568766,-0.04923030808893228,-0.039539890787029186,20,-0.04357735789209623,0.010053485991753743,-0.04828253417097773,-0.03887218161321473,20,0.0008077415458845095,0.0026795810538507037,-0.00044634099048746303,0.0020618240822564823,0.55,0.45,0.3014432217766807
adult,gradient_boosting,strong_first_group,Female_minus_Male,signed_fpr_gap,20,-0.04438509943798073,0.010352691251568766,-0.04923030808893228,-0.039539890787029186,20,-0.04330772820259831,0.010221220290495827,-0.04809140654974185,-0.03852404985545477,20,0.001077371235382429,0.0025135905539857375,-9.902535572389737e-05,0.0022537678264887553,0.65,0.35,0.42861842939140127
adult,gradient_boosting,strong_second_group,Female_minus_Male,signed_fpr_gap,20,-0.04438509943798073,0.010352691251568766,-0.04923030808893228,-0.039539890787029186,20,-0.0431430796761927,0.010319110037793547,-0.04797257183531237,-0.038313587517073026,20,0.0012420197617880344,0.0030522712405407887,-0.00018648715108622333,0.002670526674662292,0.6,0.4,0.40691657585712415
adult,logistic,equal_access,Female_minus_Male,signed_fpr_gap,20,-0.05409465803445004,0.009812254335097838,-0.05868693442273203,-0.04950238164616804,20,-0.05274731780886462,0.009759444779714127,-0.05731487856443041,-0.048179757053298834,20,0.0013473402255854152,0.003147007796049953,-0.00012550476008173087,0.0028201852112525612,0.65,0.35,0.42813374255906317
adult,logistic,moderate_first_group,Female_minus_Male,signed_fpr_gap,20,-0.05409465803445004,0.009812254335097838,-0.05868693442273203,-0.04950238164616804,20,-0.052873301304363365,0.010364476444460891,-0.05772402559537086,-0.04802257701335587,20,0.001221356730086679,0.0030742456446496403,-0.00021743452048301397,0.002660147980656372,0.6,0.4,0.3972866424035781
adult,logistic,moderate_second_group,Female_minus_Male,signed_fpr_gap,20,-0.05409465803445004,0.009812254335097838,-0.05868693442273203,-0.04950238164616804,20,-0.052730989438979595,0.010163450050292873,-0.05748763048144581,-0.04797434839651338,20,0.0013636685954704403,0.0028936934747229694,9.378361536804608e-06,0.002717958829404076,0.6,0.4,0.471255372202473
adult,logistic,strong_first_group,Female_minus_Male,signed_fpr_gap,20,-0.05409465803445004,0.009812254335097838,-0.05868693442273203,-0.04950238164616804,20,-0.052744317475663716,0.00992854487169931,-0.057391019510405504,-0.04809761544092193,20,0.0013503405587863258,0.002524009227194848,0.00016906787852235487,0.0025316132390502968,0.65,0.35,0.534998265551936
adult,logistic,strong_second_group,Female_minus_Male,signed_fpr_gap,20,-0.05409465803445004,0.009812254335097838,-0.05868693442273203,-0.04950238164616804,20,-0.05249134783202094,0.009911488807020712,-0.05713006738277632,-0.04785262828126556,20,0.00160331020242909,0.0028855106881859474,0.00025284963047943936,0.0029537707743787405,0.7,0.3,0.5556417479212504
adult,random_forest,equal_access,Female_minus_Male,signed_fpr_gap,20,-0.039376212809402164,0.007531533710465764,-0.04290107908833734,-0.03585134653046699,20,-0.03763192507020468,0.007711717209166862,-0.041241119822331106,-0.03402273031807825,20,0.0017442877391974747,0.0022509980211611958,0.000690788236471327,0.002797787241923622,0.8,0.2,0.7748952788051184
adult,random_forest,moderate_first_group,Female_minus_Male,signed_fpr_gap,20,-0.039376212809402164,0.007531533710465764,-0.04290107908833734,-0.03585134653046699,20,-0.03779790792522569,0.007624386859126805,-0.04136623081541568,-0.0342295850350357,20,0.001578304884176465,0.003023753076565161,0.00016314488288744636,0.002993464885465484,0.8,0.2,0.5219688394560789
adult,random_forest,moderate_second_group,Female_minus_Male,signed_fpr_gap,20,-0.039376212809402164,0.007531533710465764,-0.04290107908833734,-0.03585134653046699,20,-0.03789556171803572,0.007315315828252279,-0.041319234913169384,-0.03447188852290206,20,0.0014806510913664358,0.00227692247063966,0.00041501857280586184,0.00254628360992701,0.7,0.3,0.6502861254430301
adult,random_forest,strong_first_group,Female_minus_Male,signed_fpr_gap,20,-0.039376212809402164,0.007531533710465764,-0.04290107908833734,-0.03585134653046699,20,-0.03785456733060312,0.00777463045822764,-0.041493206389644675,-0.034215928271561565,20,0.0015216454787990445,0.002947969063007962,0.0001419534876311167,0.0029013374699669724,0.75,0.25,0.5161673838077638
adult,random_forest,strong_second_group,Female_minus_Male,signed_fpr_gap,20,-0.039376212809402164,0.007531533710465764,-0.04290107908833734,-0.03585134653046699,20,-0.03809820429867302,0.007203198592770367,-0.04146940501239317,-0.03472700358495287,20,0.0012780085107291397,0.0028803011124974506,-7.001390474695927e-05,0.002626030926205239,0.6,0.4,0.4437065642838309
german,gradient_boosting,equal_access,Female_minus_Male,signed_fpr_gap,20,0.06279904306220094,0.15585334165088466,-0.010142566119097196,0.13574065224349907,20,0.05490430622009568,0.15273080668822564,-0.016575911614128178,0.12638452405431955,20,-0.007894736842105262,0.021087229189106098,-0.01776386389408534,0.0019743902098748167,0.0,0.15,-0.3743847411770804
german,gradient_boosting,moderate_first_group,Female_minus_Male,signed_fpr_gap,20,0.06279904306220094,0.15585334165088466,-0.010142566119097196,0.13574065224349907,20,0.058492822966507166,0.1495177033002858,-0.011483616192844229,0.12846926212585857,20,-0.004306220095693776,0.020426932753800697,-0.013866318903443215,0.005253878712055664,0.05,0.15,-0.2108109008628595
german,gradient_boosting,moderate_second_group,Female_minus_Male,signed_fpr_gap,20,0.06279904306220094,0.15585334165088466,-0.010142566119097196,0.13574065224349907,20,0.05490430622009568,0.15148914385773896,-0.015994795521544286,0.12580340796173564,20,-0.007894736842105262,0.01728807066662595,-0.015985802973291656,0.00019632928908113086,0.0,0.2,-0.4566580617550222
german,gradient_boosting,strong_first_group,Female_minus_Male,signed_fpr_gap,20,0.06279904306220094,0.15585334165088466,-0.010142566119097196,0.13574065224349907,20,0.061124401913875595,0.15388613392318798,-0.01089652571043992,0.1331453295381911,20,-0.0016746411483253554,0.01697154138253427,-0.00961756701450306,0.00626828471785235,0.05,0.1,-0.0986734858419377
german,gradient_boosting,strong_second_group,Female_minus_Male,signed_fpr_gap,20,0.06279904306220094,0.15585334165088466,-0.010142566119097196,0.13574065224349907,20,0.05490430622009568,0.14988392246259993,-0.015243528783125765,0.12505214122331712,20,-0.007894736842105262,0.021087229189106098,-0.01776386389408534,0.0019743902098748167,0.0,0.15,-0.3743847411770804
german,logistic,equal_access,Female_minus_Male,signed_fpr_gap,20,0.023564593301435396,0.22530898225504256,-0.08188325628973225,0.12901244289260305,20,0.0179425837320574,0.22610736493594388,-0.08787892045560822,0.12376408791972301,20,-0.005622009569377996,0.015528916283559676,-0.012889766106172644,0.001645746967416652,0.05,0.2,-0.36203489456182897
german,logistic,moderate_first_group,Female_minus_Male,signed_fpr_gap,20,0.023564593301435396,0.22530898225504256,-0.08188325628973225,0.12901244289260305,20,0.01662679425837319,0.2230937279917942,-0.08778428442371111,0.12103787294045748,20,-0.006937799043062204,0.019649750998623868,-0.016134165592982176,0.002258567506857768,0.05,0.3,-0.3530731276721053
german,logistic,moderate_second_group,Female_minus_Male,signed_fpr_gap,20,0.023564593301435396,0.22530898225504256,-0.08188325628973225,0.12901244289260305,20,0.020215311004784665,0.2219254238260757,-0.08364898449666297,0.12407960650623232,20,-0.0033492822966507256,0.026757358481882366,-0.01587211154391363,0.009173546950612179,0.1,0.15,-0.12517238197928068
german,logistic,strong_first_group,Female_minus_Male,signed_fpr_gap,20,0.023564593301435396,0.22530898225504256,-0.08188325628973225,0.12901244289260305,20,0.019258373205741607,0.22374628301778762,-0.08545811062948933,0.12397485704097255,20,-0.00430622009569378,0.018557011019517084,-0.012991168592920786,0.004378728401533226,0.05,0.2,-0.2320535398273338
german,logistic,strong_second_group,Female_minus_Male,signed_fpr_gap,20,0.023564593301435396,0.22530898225504256,-0.08188325628973225,0.12901244289260305,20,0.02284688995215309,0.22335416959378032,-0.08168607915169179,0.12737985905599797,20,-0.0007177033492823011,0.024112823842184213,-0.012002852286889985,0.010567445588325383,0.1,0.1,-0.02976438404641409
german,random_forest,equal_access,Female_minus_Male,signed_fpr_gap,20,0.03947368421052629,0.13522567235466582,-0.023813878569275783,0.10276124699032838,20,0.04043062200956937,0.1317674527081761,-0.021238444155111155,0.1020996881742499,20,0.0009569377990430698,0.012009474065082416,-0.004663669076941773,0.006577544675027913,0.05,0.05,0.07968190728896027
german,random_forest,moderate_first_group,Female_minus_Male,signed_fpr_gap,20,0.03947368421052629,0.13522567235466582,-0.023813878569275783,0.10276124699032838,20,0.04174641148325357,0.13177562508274657,-0.01992647947046059,0.10341930243696773,20,0.002272727272727275,0.010163945352271782,-0.0024841455782006,0.007029600123655149,0.05,0.0,0.22360679774997894
german,random_forest,moderate_second_group,Female_minus_Male,signed_fpr_gap,20,0.03947368421052629,0.13522567235466582,-0.023813878569275783,0.10276124699032838,20,0.04174641148325357,0.13177562508274657,-0.01992647947046059,0.10341930243696773,20,0.002272727272727275,0.010163945352271782,-0.0024841455782006,0.007029600123655149,0.05,0.0,0.22360679774997894
german,random_forest,strong_first_group,Female_minus_Male,signed_fpr_gap,20,0.03947368421052629,0.13522567235466582,-0.023813878569275783,0.10276124699032838,20,0.04174641148325357,0.13177562508274657,-0.01992647947046059,0.10341930243696773,20,0.002272727272727275,0.010163945352271782,-0.0024841455782006,0.007029600123655149,0.05,0.0,0.22360679774997894
german,random_forest,strong_second_group,Female_minus_Male,signed_fpr_gap,20,0.03947368421052629,0.13522567235466582,-0.023813878569275783,0.10276124699032838,20,0.04174641148325357,0.13177562508274657,-0.01992647947046059,0.10341930243696773,20,0.002272727272727275,0.010163945352271782,-0.0024841455782006,0.007029600123655149,0.05,0.0,0.22360679774997894
adult,gradient_boosting,equal_access,ALL,overall_accuracy,20,0.8712816050772855,0.0026930948736044766,0.870021197878583,0.8725420122759879,20,0.895961715631078,0.0028110865141055285,0.8946460866447838,0.8972773446173721,20,0.0246801105537926,0.0022534660976065244,0.02362545595573389,0.02573476515185131,1.0,0.0,10.952066498806484
adult,gradient_boosting,moderate_first_group,ALL,overall_accuracy,20,0.8712816050772855,0.0026930948736044766,0.870021197878583,0.8725420122759879,20,0.8883816153137476,0.0032888410898337167,0.8868423903032797,0.8899208403242155,20,0.017100010236462276,0.0019120333434968846,0.016205151086150508,0.017994869386774043,1.0,0.0,8.943364034221476
adult,gradient_boosting,moderate_second_group,ALL,overall_accuracy,20,0.8712816050772855,0.0026930948736044766,0.870021197878583,0.8725420122759879,20,0.9029225099805507,0.0031876566375097603,0.901430640751476,0.9044143792096253,20,0.031640904903265425,0.002884602988988671,0.030290869147616795,0.03299094065891405,1.0,0.0,10.968894168122105
adult,gradient_boosting,strong_first_group,ALL,overall_accuracy,20,0.8712816050772855,0.0026930948736044766,0.870021197878583,0.8725420122759879,20,0.8840004094584911,0.0035350484974436577,0.8823459558342944,0.8856548630826878,20,0.012718804381205862,0.0021041176023330575,0.011734047030512274,0.01370356173189945,1.0,0.0,6.044721248994438
adult,gradient_boosting,strong_second_group,ALL,overall_accuracy,20,0.8712816050772855,0.0026930948736044766,0.870021197878583,0.8725420122759879,20,0.9079639676527792,0.0031215071001791444,0.9065030573601534,0.909424877945405,20,0.03668236257549392,0.002737333331002003,0.035401251141411585,0.037963474009576254,1.0,0.0,13.400765686824963
adult,logistic,equal_access,ALL,overall_accuracy,20,0.8498515712969595,0.002370517323161953,0.8487421350390518,0.8509610075548673,20,0.8797113317637425,0.00373564813734633,0.8779629946181488,0.8814596689093362,20,0.0298597604667827,0.0020978767884244844,0.028877923906906106,0.03084159702665929,1.0,0.0,14.233324202613217
adult,logistic,moderate_first_group,ALL,overall_accuracy,20,0.8498515712969595,0.002370517323161953,0.8487421350390518,0.8509610075548673,20,0.8718036646534959,0.0038354969411074384,0.8700085968292781,0.8735987324777137,20,0.021952093356535994,0.0020985010479887133,0.02096996463419,0.02293422207888199,1.0,0.0,10.46084460028064
adult,logistic,moderate_second_group,ALL,overall_accuracy,20,0.8498515712969595,0.002370517323161953,0.8487421350390518,0.8509610075548673,20,0.8881871225304536,0.003324980628380555,0.8866309836953044,0.8897432613656029,20,0.03833555123349371,0.0021711005726731377,0.03731944488769617,0.03935165757929126,1.0,0.0,17.657197329322056
adult,logistic,strong_first_group,ALL,overall_accuracy,20,0.8498515712969595,0.002370517323161953,0.8487421350390518,0.8509610075548673,20,0.8666393694339238,0.003517532045435898,0.8649931137616161,0.8682856251062315,20,0.016787798136963877,0.002078305702880182,0.015815121127071296,0.01776047514685646,1.0,0.0,8.07763656410066
adult,logistic,strong_second_group,ALL,overall_accuracy,20,0.8498515712969595,0.002370517323161953,0.8487421350390518,0.8509610075548673,20,0.8935715016890162,0.003635116294526774,0.891870214894166,0.8952727884838665,20,0.04371993039205653,0.0023584586475804484,0.042616137768043266,0.044823723016069794,1.0,0.0,18.537501362132836
adult,random_forest,equal_access,ALL,overall_accuracy,20,0.856786774490736,0.002825020550312554,0.8554646241747574,0.8581089248067146,20,0.8915037363087317,0.0031641485403952952,0.8900228692077742,0.8929846034096892,20,0.0347169618179957,0.0016049337237565183,0.0339658297139285,0.035468093922062904,1.0,0.0,21.631399044153024
adult,random_forest,moderate_first_group,ALL,overall_accuracy,20,0.856786774490736,0.002825020550312554,0.8554646241747574,0.8581089248067146,20,0.8821783191728938,0.0037273863781371315,0.8804338486496323,0.8839227896961553,20,0.025391544682157857,0.0021514457910786155,0.024384637057301584,0.02639845230701413,1.0,0.0,11.802084341352586
adult,random_forest,moderate_second_group,ALL,overall_accuracy,20,0.856786774490736,0.002825020550312554,0.8554646241747574,0.8581089248067146,20,0.9001535469341795,0.003273208908329065,0.8986216380098595,0.9016854558584995,20,0.04336677244344355,0.0021988087016666415,0.042337698294102104,0.044395846592785,1.0,0.0,19.722849200375016
adult,random_forest,strong_first_group,ALL,overall_accuracy,20,0.856786774490736,0.002825020550312554,0.8554646241747574,0.8581089248067146,20,0.8763281809806532,0.0037460233247501367,0.8745749880978851,0.8780813738634213,20,0.019541406489917097,0.002138699998472124,0.018540464079621906,0.02054234890021229,1.0,0.0,9.13704891002823
adult,random_forest,strong_second_group,ALL,overall_accuracy,20,0.856786774490736,0.002825020550312554,0.8554646241747574,0.8581089248067146,20,0.9069556761183335,0.0025361637851928067,0.9057687149298228,0.9081426373068442,20,0.050168901627597504,0.0016908193471843083,0.04937757381446174,0.050960229440733265,1.0,0.0,29.671355317256626
german,gradient_boosting,equal_access,ALL,overall_accuracy,20,0.74275,0.026826685457424296,0.7301947247294299,0.7553052752705701,20,0.781,0.015525869752736812,0.77373366928352,0.78826633071648,20,0.038250000000000034,0.021292140877748663,0.028284971325691403,0.048215028674308665,1.0,0.0,1.7964374845919402
german,gradient_boosting,moderate_first_group,ALL,overall_accuracy,20,0.74275,0.026826685457424296,0.7301947247294299,0.7553052752705701,20,0.7750000000000001,0.019194297398747867,0.766016792296278,0.7839832077037223,20,0.03225000000000002,0.01689557712289786,0.024342626501705177,0.04015737349829487,1.0,0.0,1.9087835689431978
german,gradient_boosting,moderate_second_group,ALL,overall_accuracy,20,0.74275,0.026826685457424296,0.7301947247294299,0.7553052752705701,20,0.783,0.019628121608924708,0.7738137563160613,0.7921862436839388,20,0.04025000000000003,0.01963314866025799,0.031061403583615546,0.04943859641638451,1.0,0.0,2.050104173126101
german,gradient_boosting,strong_first_group,ALL,overall_accuracy,20,0.74275,0.026826685457424296,0.7301947247294299,0.7553052752705701,20,0.77125,0.021756729146585777,0.761067537322822,0.781432462677178,20,0.02850000000000002,0.01740387131767255,0.020354737495851014,0.036645262504149026,0.95,0.0,1.637566693052944
german,gradient_boosting,strong_second_group,ALL,overall_accuracy,20,0.74275,0.026826685457424296,0.7301947247294299,0.7553052752705701,20,0.78675,0.02123025398365564,0.7768139352836955,0.7966860647163044,20,0.044000000000000025,0.020300375936368655,0.034499131606039436,0.053500868393960614,1.0,0.0,2.167447545696574
german,logistic,equal_access,ALL,overall_accuracy,20,0.736,0.027606254058779783,0.723079875393203,0.748920124606797,20,0.76875,0.026301640933399463,0.7564404531306855,0.7810595468693146,20,0.032750000000000015,0.019833185905393385,0.023467783271071616,0.042032216728928415,0.95,0.0,1.6512727786761716
german,logistic,moderate_first_group,ALL,overall_accuracy,20,0.736,0.027606254058779783,0.723079875393203,0.748920124606797,20,0.7645,0.026302891576082628,0.7521898678118925,0.7768101321881075,20,0.028500000000000015,0.015226362180874257,0.02137384314198359,0.035626156858016435,1.0,0.0,1.8717537164457243
german,logistic,moderate_second_group,ALL,overall_accuracy,20,0.736,0.027606254058779783,0.723079875393203,0.748920124606797,20,0.7797500000000002,0.024627487851884892,0.7682239808913868,0.7912760191086136,20,0.04375000000000003,0.018769726465213805,0.034965497609718926,0.05253450239028114,1.0,0.0,2.3308810643075972
german,logistic,strong_first_group,ALL,overall_accuracy,20,0.736,0.027606254058779783,0.723079875393203,0.748920124606797,20,0.7622500000000001,0.025103732161195748,0.7505010916936536,0.7739989083063465,20,0.026250000000000016,0.014856772334882378,0.01929681651437431,0.033203183485625724,0.95,0.0,1.7668709870694697
german,logistic,strong_second_group,ALL,overall_accuracy,20,0.736,0.027606254058779783,0.723079875393203,0.748920124606797,20,0.7835,0.024978938496682618,0.7718094969264756,0.7951905030735243,20,0.04750000000000003,0.020994986870303364,0.037674043682101206,0.05732595631789885,1.0,0.0,2.26244485378493
german,random_forest,equal_access,ALL,overall_accuracy,20,0.7249999999999999,0.017320508075688773,0.7168937526940652,0.7331062473059345,20,0.73225,0.014370565677618165,0.7255243682344712,0.7389756317655287,20,0.007250000000000001,0.008025452930323742,0.003493972410563612,0.01100602758943639,0.65,0.05,0.903375804822961
german,random_forest,moderate_first_group,ALL,overall_accuracy,20,0.7249999999999999,0.017320508075688773,0.7168937526940652,0.7331062473059345,20,0.72925,0.01664450280675908,0.7214601328987401,0.7370398671012598,20,0.004249999999999999,0.005683540408842658,0.0015900212091919325,0.006909978790808065,0.55,0.05,0.7477733409597467
german,random_forest,moderate_second_group,ALL,overall_accuracy,20,0.7249999999999999,0.017320508075688773,0.7168937526940652,0.7331062473059345,20,0.73525,0.016660305803726554,0.7274527368684947,0.7430472631315053,20,0.010250000000000004,0.008187763655859302,0.006418008652696506,0.014081991347303502,0.75,0.05,1.2518680839871252
german,random_forest,strong_first_group,ALL,overall_accuracy,20,0.7249999999999999,0.017320508075688773,0.7168937526940652,0.7331062473059345,20,0.72925,0.01741709686365369,0.721098547749799,0.7374014522502009,20,0.004249999999999999,0.006544382886752664,0.0011871345278718372,0.0073128654721281595,0.5,0.05,0.6494118809281432
german,random_forest,strong_second_group,ALL,overall_accuracy,20,0.7249999999999999,0.017320508075688773,0.7168937526940652,0.7331062473059345,20,0.736,0.016511558949637944,0.7282723525391178,0.7437276474608822,20,0.011000000000000005,0.008973645624241777,0.006800204569747872,0.015199795430252138,0.75,0.05,1.2258117225271465
